Age at date of trial,1.0,2.0,3.0,4.0,5.0,6.0,7.0,8.0,9.0,10.0,11.0,12.0,13.0,14.0,15.0,16.0,17.0,18.0,19.0,20.0,21.0,22.0,23.0,24.0,25.0,26.0,27.0,28.0,29.0,30.0,31.0,32.0,33.0,34.0,35.0,36.0,37.0,38.0,39.0,40.0,41.0,42.0,43.0,44.0,45.0,46.0,47.0,48.0,49.0,50.0,51.0,52.0,53.0,54.0,55.0,56.0,57.0,58.0,59.0,60.0,61.0,62.0,63.0,64.0,65.0,66.0,67.0,68.0,69.0,70.0,71.0,72.0,73.0,74.0,75.0,76.0,77.0,78.0,79.0,80.0,81.0,82.0,83.0,84.0,85.0,86.0,87.0,88.0,89.0,90.0,91.0,92.0,93.0,94.0,95.0,96.0,97.0,98.0,99.0,100.0,101.0,102.0,103.0,104.0,105.0,106.0,107.0,108.0,109.0,110.0,111.0,112.0,113.0,114.0,115.0,116.0,117.0,118.0,119.0,120.0,121.0,122.0,123.0,124.0,125.0
0,1.0,1.99,2.97,3.95,4.92,5.89,6.86,7.82,8.77,9.72,10.67,11.61,12.55,13.48,14.4,15.33,16.24,17.16,18.06,18.97,19.87,20.76,21.65,22.53,23.41,24.29,25.16,26.03,26.89,27.75,28.6,29.45,30.3,31.14,31.97,32.81,33.63,34.45,35.27,36.09,36.9,37.7,38.5,39.29,40.09,40.87,41.65,42.43,43.2,43.97,44.74,45.5,46.25,47.0,47.74,48.48,49.22,49.95,50.68,51.4,52.11,52.82,53.52,54.22,54.92,55.6,56.29,56.96,57.63,58.29,58.95,59.6,60.24,60.88,61.51,62.13,62.74,63.34,63.93,64.51,65.08,65.64,66.19,66.72,67.24,67.75,68.23,68.7,69.15,69.58,69.98,70.36,70.72,71.04,71.34,71.6,71.83,72.03,72.19,72.33,72.43,72.51,72.57,72.61,72.63,72.65,72.66,72.66,72.66,72.66,72.66,72.66,72.66,72.66,72.66,72.66,72.66,72.66,72.66,72.66,72.66,72.66,72.66,72.66,72.66
1,,1.0,1.99,2.98,3.96,4.94,5.91,6.88,7.84,8.8,9.75,10.7,11.64,12.58,13.51,14.44,15.37,16.29,17.2,18.11,19.02,19.92,20.82,21.71,22.6,23.48,24.36,25.23,26.1,26.97,27.83,28.68,29.53,30.38,31.22,32.06,32.89,33.72,34.55,35.37,36.18,36.99,37.8,38.6,39.4,40.19,40.98,41.76,42.54,43.32,44.09,44.85,45.61,46.37,47.12,47.86,48.6,49.34,50.07,50.8,51.52,52.23,52.94,53.65,54.34,55.04,55.72,56.4,57.08,57.75,58.41,59.06,59.71,60.35,60.98,61.6,62.22,62.82,63.42,64.01,64.58,65.14,65.69,66.23,66.75,67.26,67.75,68.22,68.67,69.09,69.5,69.88,70.24,70.56,70.86,71.12,71.35,71.54,71.71,71.84,71.95,72.03,72.08,72.12,72.15,72.16,72.17,72.17,72.18,72.18,72.18,72.18,72.18,72.18,72.18,72.18,72.18,72.18,72.18,72.18,72.18,72.18,72.18,72.18,72.18
2,,,1.0,1.99,2.98,3.96,4.94,5.91,6.88,7.84,8.8,9.75,10.7,11.64,12.58,13.52,14.45,15.37,16.29,17.21,18.12,19.02,19.92,20.82,21.71,22.6,23.48,24.36,25.24,26.11,26.97,27.83,28.69,29.54,30.39,31.23,32.07,32.9,33.73,34.55,35.37,36.19,37.0,37.8,38.6,39.4,40.19,40.98,41.76,42.54,43.31,44.08,44.85,45.61,46.36,47.11,47.85,48.59,49.33,50.06,50.78,51.5,52.21,52.92,53.62,54.32,55.01,55.69,56.37,57.04,57.71,58.36,59.01,59.66,60.29,60.92,61.53,62.14,62.74,63.33,63.9,64.47,65.02,65.56,66.08,66.59,67.08,67.55,68.0,68.43,68.83,69.21,69.57,69.89,70.18,70.45,70.67,70.87,71.03,71.16,71.27,71.35,71.4,71.44,71.46,71.48,71.49,71.49,71.49,71.49,71.49,71.49,71.49,71.49,71.49,71.49,71.49,71.49,71.49,71.49,71.49,71.49,71.49,71.49,71.49
3,,,,1.0,1.99,2.98,3.96,4.94,5.91,6.88,7.84,8.8,9.75,10.7,11.64,12.58,13.52,14.45,15.37,16.29,17.21,18.12,19.02,19.92,20.82,21.71,22.6,23.48,24.36,25.24,26.11,26.97,27.83,28.69,29.54,30.38,31.23,32.06,32.9,33.72,34.55,35.37,36.18,36.99,37.8,38.6,39.39,40.18,40.97,41.75,42.53,43.3,44.07,44.83,45.59,46.34,47.09,47.84,48.57,49.31,50.03,50.76,51.47,52.18,52.89,53.59,54.28,54.97,55.65,56.32,56.99,57.65,58.3,58.95,59.58,60.21,60.83,61.44,62.04,62.63,63.21,63.78,64.33,64.87,65.39,65.9,66.39,66.86,67.31,67.74,68.15,68.53,68.88,69.2,69.5,69.76,69.98,70.18,70.34,70.47,70.57,70.65,70.7,70.74,70.76,70.78,70.79,70.79,70.79,70.79,70.79,70.79,70.79,70.79,70.79,70.79,70.79,70.79,70.79,70.79,70.79,70.79,70.79,70.79,70.79
4,,,,,1.0,1.99,2.98,3.96,4.94,5.91,6.88,7.84,8.8,9.75,10.7,11.64,12.58,13.52,14.45,15.37,16.29,17.21,18.12,19.02,19.92,20.82,21.71,22.6,23.48,24.36,25.23,26.1,26.97,27.83,28.68,29.53,30.38,31.22,32.06,32.89,33.72,34.54,35.36,36.17,36.98,37.79,38.59,39.38,40.17,40.96,41.74,42.52,43.29,44.06,44.82,45.57,46.33,47.07,47.81,48.55,49.28,50.01,50.73,51.44,52.15,52.85,53.55,54.24,54.92,55.6,56.27,56.93,57.58,58.23,58.87,59.5,60.12,60.74,61.34,61.93,62.51,63.08,63.63,64.17,64.7,65.21,65.7,66.17,66.62,67.05,67.45,67.83,68.19,68.51,68.8,69.06,69.29,69.48,69.64,69.77,69.87,69.94,70.0,70.04,70.06,70.07,70.08,70.09,70.09,70.09,70.09,70.09,70.09,70.09,70.09,70.09,70.09,70.09,70.09,70.09,70.09,70.09,70.09,70.09,70.09
5,,,,,,1.0,1.99,2.98,3.96,4.94,5.91,6.88,7.84,8.8,9.75,10.7,11.64,12.58,13.52,14.45,15.37,16.29,17.21,18.12,19.02,19.92,20.82,21.71,22.6,23.48,24.36,25.23,26.1,26.97,27.83,28.68,29.53,30.38,31.22,32.05,32.89,33.71,34.54,35.35,36.17,36.98,37.78,38.58,39.37,40.16,40.95,41.73,42.5,43.27,44.04,44.8,45.55,46.31,47.05,47.79,48.52,49.25,49.98,50.69,51.4,52.11,52.81,53.5,54.19,54.87,55.54,56.21,56.86,57.51,58.16,58.79,59.41,60.03,60.63,61.23,61.81,62.38,62.93,63.47,64.0,64.51,65.0,65.47,65.93,66.35,66.76,67.14,67.49,67.81,68.1,68.36,68.58,68.78,68.93,69.06,69.16,69.24,69.29,69.33,69.35,69.36,69.37,69.37,69.38,69.38,69.38,69.38,69.38,69.38,69.38,69.38,69.38,69.38,69.38,69.38,69.38,69.38,69.38,69.38,69.38
6,,,,,,,1.0,1.99,2.98,3.96,4.94,5.91,6.88,7.84,8.8,9.75,10.7,11.64,12.58,13.52,14.45,15.37,16.29,17.21,18.12,19.02,19.92,20.82,21.71,22.6,23.48,24.36,25.23,26.1,26.96,27.82,28.68,29.53,30.37,31.21,32.05,32.88,33.71,34.53,35.35,36.16,36.97,37.77,38.57,39.36,40.15,40.93,41.71,42.49,43.26,44.02,44.78,45.53,46.28,47.03,47.76,48.49,49.22,49.94,50.66,51.36,52.07,52.76,53.45,54.13,54.81,55.48,56.14,56.79,57.44,58.07,58.7,59.32,59.92,60.52,61.1,61.67,62.23,62.77,63.3,63.81,64.3,64.77,65.23,65.66,66.06,66.44,66.79,67.11,67.4,67.66,67.88,68.07,68.23,68.35,68.45,68.52,68.58,68.61,68.64,68.65,68.66,68.66,68.66,68.66,68.66,68.66,68.66,68.66,68.66,68.66,68.66,68.66,68.66,68.66,68.66,68.66,68.66,68.66,68.66
7,,,,,,,,1.0,1.99,2.98,3.96,4.94,5.91,6.88,7.84,8.8,9.75,10.7,11.64,12.58,13.52,14.45,15.37,16.29,17.2,18.11,19.02,19.92,20.82,21.71,22.6,23.48,24.36,25.23,26.1,26.96,27.82,28.67,29.52,30.37,31.21,32.04,32.87,33.7,34.52,35.34,36.15,36.96,37.76,38.56,39.35,40.14,40.92,41.7,42.47,43.24,44.0,44.76,45.51,46.26,47.0,47.73,48.46,49.19,49.9,50.62,51.32,52.02,52.71,53.4,54.08,54.75,55.41,56.07,56.71,57.35,57.98,58.6,59.21,59.8,60.39,60.96,61.52,62.07,62.59,63.11,63.6,64.07,64.52,64.95,65.36,65.73,66.08,66.4,66.69,66.95,67.17,67.36,67.51,67.64,67.74,67.81,67.86,67.89,67.92,67.93,67.94,67.94,67.94,67.94,67.94,67.94,67.94,67.94,67.94,67.94,67.94,67.94,67.94,67.94,67.94,67.94,67.94,67.94,67.94
8,,,,,,,,,1.0,1.99,2.98,3.96,4.94,5.91,6.88,7.84,8.8,9.75,10.7,11.64,12.58,13.52,14.45,15.37,16.29,17.2,18.11,19.02,19.92,20.82,21.71,22.59,23.48,24.35,25.23,26.09,26.96,27.82,28.67,29.52,30.36,31.2,32.04,32.87,33.69,34.51,35.33,36.14,36.95,37.75,38.54,39.34,40.12,40.9,41.68,42.45,43.22,43.98,44.73,45.48,46.23,46.97,47.7,48.43,49.15,49.86,50.57,51.27,51.97,52.66,53.34,54.01,54.68,55.34,55.99,56.63,57.26,57.88,58.49,59.09,59.68,60.25,60.81,61.36,61.88,62.4,62.89,63.36,63.82,64.24,64.65,65.03,65.37,65.69,65.98,66.23,66.45,66.64,66.79,66.92,67.01,67.09,67.14,67.17,67.19,67.21,67.21,67.22,67.22,67.22,67.22,67.22,67.22,67.22,67.22,67.22,67.22,67.22,67.22,67.22,67.22,67.22,67.22,67.22,67.22
9,,,,,,,,,,1.0,1.99,2.98,3.96,4.94,5.91,6.88,7.84,8.8,9.75,10.7,11.64,12.58,13.52,14.44,15.37,16.29,17.2,18.11,19.02,19.92,20.81,21.71,22.59,23.47,24.35,25.22,26.09,26.95,27.81,28.66,29.51,30.36,31.2,32.03,32.86,33.68,34.5,35.32,36.13,36.93,37.73,38.53,39.32,40.1,40.88,41.66,42.43,43.19,43.95,44.71,45.45,46.2,46.93,47.66,48.39,49.11,49.82,50.52,51.22,51.91,52.6,53.27,53.94,54.6,55.25,55.9,56.53,57.15,57.77,58.37,58.96,59.53,60.09,60.64,61.17,61.68,62.18,62.65,63.1,63.53,63.93,64.31,64.66,64.98,65.26,65.52,65.73,65.92,66.07,66.2,66.29,66.36,66.41,66.44,66.47,66.48,66.49,66.49,66.49,66.49,66.49,66.49,66.49,66.49,66.49,66.49,66.49,66.49,66.49,66.49,66.49,66.49,66.49,66.49,66.49
10,,,,,,,,,,,1.0,1.99,2.98,3.96,4.94,5.91,6.88,7.84,8.8,9.75,10.7,11.64,12.58,13.51,14.44,15.37,16.29,17.2,18.11,19.02,19.92,20.81,21.7,22.59,23.47,24.35,25.22,26.09,26.95,27.81,28.66,29.51,30.35,31.19,32.02,32.85,33.67,34.49,35.31,36.12,36.92,37.72,38.51,39.3,40.09,40.86,41.64,42.41,43.17,43.93,44.68,45.42,46.16,46.9,47.62,48.34,49.06,49.77,50.47,51.16,51.85,52.53,53.2,53.86,54.52,55.16,55.8,56.42,57.04,57.64,58.23,58.81,59.37,59.92,60.45,60.97,61.46,61.93,62.39,62.81,63.22,63.59,63.94,64.26,64.54,64.79,65.01,65.19,65.35,65.47,65.56,65.63,65.68,65.71,65.73,65.75,65.75,65.76,65.76,65.76,65.76,65.76,65.76,65.76,65.76,65.76,65.76,65.76,65.76,65.76,65.76,65.76,65.76,65.76,65.76
11,,,,,,,,,,,,1.0,1.99,2.98,3.96,4.94,5.91,6.88,7.84,8.8,9.75,10.7,11.64,12.58,13.51,14.44,15.37,16.29,17.2,18.11,19.01,19.91,20.81,21.7,22.59,23.47,24.34,25.21,26.08,26.94,27.8,28.65,29.5,30.34,31.18,32.01,32.84,33.66,34.48,35.29,36.1,36.9,37.7,38.49,39.28,40.06,40.84,41.61,42.38,43.14,43.9,44.64,45.39,46.12,46.86,47.58,48.3,49.01,49.71,50.41,51.1,51.78,52.46,53.12,53.78,54.43,55.06,55.69,56.31,56.91,57.51,58.08,58.65,59.2,59.73,60.24,60.74,61.21,61.67,62.09,62.5,62.87,63.22,63.53,63.82,64.07,64.28,64.46,64.61,64.73,64.83,64.9,64.94,64.98,65.0,65.01,65.02,65.02,65.02,65.02,65.02,65.02,65.02,65.02,65.02,65.02,65.02,65.02,65.02,65.02,65.02,65.02,65.02,65.02,65.02
12,,,,,,,,,,,,,1.0,1.99,2.98,3.96,4.94,5.91,6.88,7.84,8.8,9.75,10.7,11.64,12.58,13.51,14.44,15.36,16.28,17.2,18.11,19.01,19.91,20.81,21.7,22.58,23.46,24.34,25.21,26.07,26.94,27.79,28.64,29.49,30.33,31.17,32.0,32.83,33.65,34.47,35.28,36.09,36.89,37.68,38.48,39.26,40.04,40.82,41.59,42.35,43.11,43.86,44.61,45.35,46.08,46.81,47.53,48.25,48.95,49.65,50.35,51.03,51.71,52.38,53.04,53.69,54.33,54.96,55.57,56.18,56.77,57.35,57.92,58.47,59.0,59.52,60.02,60.49,60.94,61.37,61.77,62.15,62.49,62.81,63.09,63.34,63.55,63.73,63.88,64.0,64.09,64.16,64.2,64.24,64.26,64.27,64.28,64.28,64.28,64.28,64.28,64.28,64.28,64.28,64.28,64.28,64.28,64.28,64.28,64.28,64.28,64.28,64.28,64.28,64.28
13,,,,,,,,,,,,,,1.0,1.99,2.98,3.96,4.94,5.91,6.88,7.84,8.8,9.75,10.7,11.64,12.58,13.51,14.44,15.36,16.28,17.2,18.1,19.01,19.91,20.8,21.69,22.58,23.46,24.33,25.2,26.07,26.93,27.79,28.64,29.48,30.32,31.16,31.99,32.82,33.64,34.45,35.26,36.07,36.87,37.66,38.45,39.24,40.02,40.79,41.56,42.32,43.08,43.83,44.57,45.31,46.04,46.76,47.48,48.19,48.89,49.59,50.28,50.96,51.63,52.29,52.94,53.58,54.22,54.84,55.44,56.04,56.62,57.19,57.74,58.27,58.79,59.29,59.76,60.21,60.64,61.04,61.42,61.76,62.07,62.35,62.6,62.81,62.99,63.14,63.26,63.35,63.41,63.46,63.49,63.51,63.52,63.53,63.53,63.54,63.54,63.54,63.54,63.54,63.54,63.54,63.54,63.54,63.54,63.54,63.54,63.54,63.54,63.54,63.54,63.54
14,,,,,,,,,,,,,,,1.0,1.99,2.98,3.96,4.94,5.91,6.88,7.84,8.8,9.75,10.7,11.64,12.58,13.51,14.44,15.36,16.28,17.19,18.1,19.01,19.91,20.8,21.69,22.57,23.45,24.33,25.2,26.06,26.92,27.78,28.63,29.47,30.31,31.15,31.98,32.8,33.62,34.44,35.25,36.05,36.85,37.64,38.43,39.21,39.99,40.76,41.53,42.29,43.04,43.79,44.53,45.26,45.99,46.71,47.42,48.13,48.83,49.52,50.2,50.87,51.54,52.19,52.84,53.47,54.09,54.7,55.3,55.89,56.45,57.01,57.54,58.06,58.56,59.03,59.48,59.91,60.31,60.68,61.03,61.34,61.62,61.86,62.07,62.25,62.4,62.51,62.6,62.67,62.71,62.74,62.76,62.78,62.78,62.78,62.79,62.79,62.79,62.79,62.79,62.79,62.79,62.79,62.79,62.79,62.79,62.79,62.79,62.79,62.79,62.79,62.79
15,,,,,,,,,,,,,,,,1.0,1.99,2.98,3.96,4.94,5.91,6.88,7.84,8.8,9.75,10.7,11.64,12.58,13.51,14.44,15.36,16.28,17.19,18.1,19.0,19.9,20.8,21.69,22.57,23.45,24.32,25.19,26.06,26.91,27.77,28.62,29.46,30.3,31.14,31.96,32.79,33.61,34.42,35.23,36.03,36.83,37.62,38.41,39.19,39.96,40.73,41.49,42.25,43.0,43.75,44.48,45.21,45.94,46.65,47.36,48.06,48.76,49.44,50.12,50.79,51.44,52.09,52.73,53.35,53.96,54.56,55.15,55.72,56.27,56.81,57.32,57.82,58.3,58.75,59.17,59.58,59.95,60.29,60.6,60.88,61.12,61.33,61.51,61.65,61.77,61.85,61.92,61.96,61.99,62.01,62.02,62.03,62.03,62.03,62.04,62.04,62.04,62.04,62.04,62.04,62.04,62.04,62.04,62.04,62.04,62.04,62.04,62.04,62.04,62.04
16,,,,,,,,,,,,,,,,,1.0,1.99,2.98,3.96,4.94,5.91,6.88,7.84,8.8,9.75,10.7,11.64,12.58,13.51,14.44,15.36,16.28,17.19,18.1,19.0,19.9,20.79,21.68,22.56,23.44,24.32,25.18,26.05,26.91,27.76,28.61,29.45,30.29,31.12,31.95,32.77,33.59,34.4,35.21,36.01,36.81,37.6,38.38,39.16,39.93,40.7,41.46,42.21,42.96,43.7,44.43,45.16,45.88,46.59,47.3,47.99,48.68,49.36,50.03,50.69,51.34,51.98,52.6,53.22,53.82,54.4,54.97,55.53,56.07,56.59,57.08,57.56,58.01,58.44,58.84,59.21,59.55,59.86,60.13,60.38,60.58,60.76,60.9,61.01,61.1,61.16,61.21,61.24,61.26,61.27,61.27,61.28,61.28,61.28,61.28,61.28,61.28,61.28,61.28,61.28,61.28,61.28,61.28,61.28,61.28,61.28,61.28,61.28,61.28
17,,,,,,,,,,,,,,,,,,1.0,1.99,2.98,3.96,4.94,5.91,6.88,7.84,8.79,9.75,10.69,11.64,12.57,13.51,14.43,15.36,16.27,17.19,18.1,19.0,19.9,20.79,21.68,22.56,23.44,24.31,25.18,26.04,26.9,27.75,28.6,29.44,30.28,31.11,31.94,32.76,33.57,34.38,35.19,35.99,36.78,37.57,38.35,39.13,39.9,40.66,41.42,42.17,42.92,43.65,44.38,45.1,45.82,46.53,47.23,47.92,48.6,49.27,49.93,50.58,51.22,51.85,52.47,53.07,53.66,54.23,54.79,55.32,55.84,56.34,56.82,57.27,57.7,58.09,58.47,58.81,59.11,59.39,59.63,59.83,60.01,60.15,60.26,60.35,60.41,60.45,60.48,60.5,60.51,60.52,60.52,60.52,60.52,60.52,60.52,60.52,60.52,60.52,60.52,60.52,60.52,60.52,60.52,60.52,60.52,60.52,60.52,60.52
18,,,,,,,,,,,,,,,,,,,1.0,1.99,2.98,3.96,4.94,5.91,6.88,7.84,8.79,9.75,10.69,11.64,12.57,13.51,14.43,15.36,16.27,17.19,18.09,18.99,19.89,20.78,21.67,22.55,23.43,24.3,25.17,26.03,26.89,27.74,28.59,29.43,30.27,31.1,31.92,32.74,33.56,34.36,35.17,35.97,36.76,37.54,38.32,39.1,39.86,40.62,41.38,42.13,42.87,43.6,44.33,45.04,45.75,46.46,47.15,47.83,48.51,49.17,49.82,50.47,51.1,51.72,52.32,52.91,53.48,54.04,54.58,55.1,55.6,56.07,56.52,56.95,57.35,57.72,58.06,58.36,58.64,58.88,59.08,59.25,59.39,59.5,59.59,59.65,59.69,59.72,59.74,59.75,59.75,59.76,59.76,59.76,59.76,59.76,59.76,59.76,59.76,59.76,59.76,59.76,59.76,59.76,59.76,59.76,59.76,59.76,59.76
19,,,,,,,,,,,,,,,,,,,,1.0,1.99,2.98,3.96,4.94,5.91,6.88,7.84,8.79,9.75,10.69,11.64,12.57,13.5,14.43,15.35,16.27,17.18,18.09,18.99,19.89,20.78,21.67,22.55,23.43,24.3,25.16,26.02,26.88,27.73,28.58,29.42,30.25,31.08,31.9,32.72,33.54,34.34,35.14,35.94,36.73,37.51,38.29,39.06,39.83,40.58,41.33,42.08,42.81,43.54,44.26,44.98,45.68,46.38,47.06,47.74,48.41,49.06,49.71,50.34,50.96,51.57,52.16,52.73,53.29,53.83,54.35,54.85,55.33,55.78,56.2,56.6,56.97,57.31,57.61,57.88,58.12,58.32,58.49,58.63,58.74,58.82,58.88,58.93,58.96,58.97,58.98,58.99,58.99,58.99,58.99,58.99,58.99,58.99,58.99,58.99,58.99,58.99,58.99,58.99,58.99,58.99,58.99,58.99,58.99,58.99
20,,,,,,,,,,,,,,,,,,,,,1.0,1.99,2.98,3.96,4.94,5.91,6.87,7.84,8.79,9.75,10.69,11.63,12.57,13.5,14.43,15.35,16.27,17.18,18.09,18.99,19.88,20.78,21.66,22.54,23.42,24.29,25.15,26.01,26.87,27.72,28.56,29.4,30.24,31.06,31.89,32.7,33.51,34.32,35.12,35.91,36.7,37.48,38.25,39.02,39.78,40.54,41.28,42.02,42.76,43.48,44.2,44.9,45.6,46.29,46.97,47.64,48.3,48.95,49.58,50.2,50.81,51.4,51.98,52.54,53.08,53.6,54.1,54.57,55.03,55.45,55.85,56.22,56.55,56.86,57.13,57.36,57.56,57.73,57.87,57.98,58.06,58.12,58.16,58.19,58.2,58.21,58.22,58.22,58.22,58.22,58.22,58.22,58.22,58.22,58.22,58.22,58.22,58.22,58.22,58.22,58.22,58.22,58.22,58.22,58.22
21,,,,,,,,,,,,,,,,,,,,,,1.0,1.99,2.98,3.96,4.94,5.91,6.87,7.84,8.79,9.75,10.69,11.63,12.57,13.5,14.43,15.35,16.27,17.18,18.08,18.98,19.88,20.77,21.66,22.54,23.41,24.28,25.15,26.0,26.86,27.71,28.55,29.39,30.22,31.05,31.87,32.68,33.49,34.29,35.09,35.88,36.67,37.44,38.22,38.98,39.74,40.49,41.23,41.97,42.69,43.41,44.12,44.82,45.52,46.2,46.87,47.53,48.18,48.82,49.44,50.05,50.64,51.22,51.78,52.32,52.84,53.34,53.82,54.27,54.7,55.09,55.46,55.8,56.1,56.37,56.6,56.8,56.97,57.1,57.21,57.29,57.35,57.39,57.41,57.43,57.44,57.45,57.45,57.45,57.45,57.45,57.45,57.45,57.45,57.45,57.45,57.45,57.45,57.45,57.45,57.45,57.45,57.45,57.45,57.45
22,,,,,,,,,,,,,,,,,,,,,,,1.0,1.99,2.98,3.96,4.94,5.91,6.87,7.84,8.79,9.74,10.69,11.63,12.57,13.5,14.43,15.35,16.26,17.17,18.08,18.98,19.87,20.76,21.65,22.53,23.4,24.27,25.14,25.99,26.85,27.69,28.54,29.37,30.2,31.03,31.85,32.66,33.47,34.27,35.06,35.85,36.63,37.41,38.17,38.93,39.69,40.43,41.17,41.9,42.62,43.34,44.04,44.74,45.42,46.1,46.76,47.41,48.05,48.67,49.28,49.88,50.46,51.02,51.56,52.09,52.59,53.06,53.51,53.94,54.33,54.7,55.03,55.33,55.6,55.83,56.03,56.2,56.33,56.44,56.51,56.57,56.61,56.64,56.66,56.66,56.67,56.67,56.67,56.67,56.67,56.67,56.67,56.67,56.67,56.67,56.67,56.67,56.67,56.67,56.67,56.67,56.67,56.67,56.67
23,,,,,,,,,,,,,,,,,,,,,,,,1.0,1.99,2.98,3.96,4.94,5.91,6.87,7.84,8.79,9.74,10.69,11.63,12.57,13.5,14.42,15.34,16.26,17.17,18.07,18.97,19.87,20.76,21.64,22.52,23.39,24.26,25.12,25.98,26.83,27.68,28.52,29.35,30.18,31.01,31.82,32.63,33.44,34.24,35.03,35.81,36.59,37.36,38.13,38.88,39.63,40.37,41.11,41.83,42.55,43.26,43.95,44.64,45.32,45.98,46.64,47.28,47.9,48.52,49.11,49.69,50.26,50.8,51.32,51.82,52.3,52.75,53.17,53.57,53.93,54.27,54.57,54.83,55.06,55.26,55.42,55.55,55.66,55.74,55.79,55.83,55.86,55.87,55.88,55.89,55.89,55.89,55.89,55.89,55.89,55.89,55.89,55.89,55.89,55.89,55.89,55.89,55.89,55.89,55.89,55.89,55.89,55.89
24,,,,,,,,,,,,,,,,,,,,,,,,,1.0,1.99,2.98,3.96,4.94,5.91,6.87,7.84,8.79,9.74,10.69,11.63,12.57,13.5,14.42,15.34,16.26,17.17,18.07,18.97,19.86,20.75,21.63,22.51,23.38,24.25,25.11,25.97,26.82,27.66,28.5,29.33,30.16,30.98,31.8,32.6,33.41,34.2,34.99,35.77,36.55,37.32,38.08,38.83,39.57,40.31,41.04,41.76,42.47,43.17,43.86,44.54,45.2,45.86,46.5,47.13,47.74,48.34,48.92,49.49,50.03,50.56,51.06,51.53,51.98,52.41,52.8,53.17,53.5,53.8,54.06,54.29,54.48,54.64,54.77,54.88,54.95,55.01,55.05,55.07,55.09,55.1,55.1,55.11,55.11,55.11,55.11,55.11,55.11,55.11,55.11,55.11,55.11,55.11,55.11,55.11,55.11,55.11,55.11,55.11,55.11
25,,,,,,,,,,,,,,,,,,,,,,,,,,1.0,1.99,2.98,3.96,4.94,5.91,6.87,7.83,8.79,9.74,10.69,11.63,12.56,13.49,14.42,15.34,16.25,17.16,18.06,18.96,19.85,20.74,21.62,22.5,23.37,24.24,25.1,25.95,26.8,27.64,28.48,29.31,30.14,30.96,31.77,32.57,33.37,34.17,34.95,35.73,36.5,37.26,38.02,38.77,39.51,40.24,40.96,41.67,42.38,43.07,43.75,44.42,45.08,45.72,46.35,46.97,47.57,48.15,48.72,49.26,49.79,50.29,50.76,51.21,51.64,52.03,52.39,52.72,53.02,53.28,53.51,53.7,53.86,53.99,54.09,54.17,54.22,54.26,54.28,54.3,54.31,54.31,54.32,54.32,54.32,54.32,54.32,54.32,54.32,54.32,54.32,54.32,54.32,54.32,54.32,54.32,54.32,54.32,54.32,54.32
26,,,,,,,,,,,,,,,,,,,,,,,,,,,1.0,1.99,2.98,3.96,4.94,5.91,6.87,7.83,8.79,9.74,10.69,11.63,12.56,13.49,14.41,15.33,16.25,17.15,18.06,18.95,19.85,20.73,21.61,22.49,23.36,24.22,25.08,25.94,26.78,27.62,28.46,29.29,30.11,30.93,31.74,32.54,33.34,34.12,34.91,35.68,36.45,37.21,37.96,38.7,39.44,40.16,40.88,41.58,42.28,42.96,43.63,44.29,44.94,45.57,46.19,46.79,47.38,47.94,48.49,49.01,49.51,49.99,50.44,50.86,51.25,51.62,51.95,52.24,52.5,52.73,52.92,53.08,53.2,53.3,53.38,53.43,53.47,53.49,53.51,53.52,53.52,53.52,53.52,53.52,53.52,53.52,53.52,53.52,53.52,53.52,53.52,53.52,53.52,53.52,53.52,53.52,53.52,53.52,53.52
27,,,,,,,,,,,,,,,,,,,,,,,,,,,,1.0,1.99,2.98,3.96,4.93,5.91,6.87,7.83,8.79,9.74,10.68,11.62,12.56,13.49,14.41,15.33,16.24,17.15,18.05,18.95,19.84,20.72,21.6,22.48,23.35,24.21,25.07,25.92,26.76,27.6,28.44,29.26,30.08,30.9,31.7,32.5,33.3,34.08,34.86,35.63,36.39,37.15,37.89,38.63,39.36,40.08,40.78,41.48,42.17,42.84,43.5,44.15,44.79,45.41,46.01,46.6,47.16,47.71,48.23,48.74,49.21,49.66,50.08,50.48,50.84,51.16,51.46,51.72,51.94,52.13,52.29,52.41,52.51,52.58,52.64,52.67,52.7,52.71,52.72,52.72,52.73,52.73,52.73,52.73,52.73,52.73,52.73,52.73,52.73,52.73,52.73,52.73,52.73,52.73,52.73,52.73,52.73,52.73
28,,,,,,,,,,,,,,,,,,,,,,,,,,,,,1.0,1.99,2.98,3.96,4.93,5.91,6.87,7.83,8.79,9.74,10.68,11.62,12.55,13.48,14.41,15.32,16.24,17.14,18.04,18.94,19.83,20.71,21.59,22.46,23.33,24.19,25.05,25.9,26.74,27.58,28.41,29.23,30.05,30.86,31.67,32.46,33.25,34.03,34.81,35.57,36.33,37.08,37.82,38.55,39.27,39.98,40.68,41.37,42.05,42.71,43.36,44.0,44.62,45.23,45.81,46.38,46.93,47.45,47.95,48.43,48.88,49.3,49.69,50.05,50.38,50.67,50.93,51.15,51.34,51.49,51.62,51.71,51.79,51.84,51.87,51.9,51.91,51.92,51.92,51.93,51.93,51.93,51.93,51.93,51.93,51.93,51.93,51.93,51.93,51.93,51.93,51.93,51.93,51.93,51.93,51.93,51.93
29,,,,,,,,,,,,,,,,,,,,,,,,,,,,,,1.0,1.99,2.98,3.96,4.93,5.9,6.87,7.83,8.79,9.73,10.68,11.62,12.55,13.48,14.4,15.32,16.23,17.13,18.04,18.93,19.82,20.7,21.58,22.45,23.32,24.18,25.03,25.88,26.72,27.55,28.38,29.2,30.02,30.83,31.63,32.42,33.2,33.98,34.75,35.51,36.26,37.01,37.74,38.47,39.18,39.88,40.57,41.25,41.92,42.57,43.21,43.83,44.44,45.03,45.6,46.14,46.67,47.17,47.65,48.1,48.52,48.91,49.27,49.59,49.88,50.14,50.36,50.54,50.7,50.82,50.91,50.99,51.04,51.07,51.09,51.11,51.12,51.12,51.12,51.12,51.12,51.12,51.12,51.12,51.12,51.12,51.12,51.12,51.12,51.12,51.12,51.12,51.12,51.12,51.12,51.12
30,,,,,,,,,,,,,,,,,,,,,,,,,,,,,,,1.0,1.99,2.98,3.96,4.93,5.9,6.87,7.83,8.78,9.73,10.68,11.61,12.55,13.47,14.4,15.31,16.22,17.13,18.03,18.92,19.81,20.69,21.57,22.44,23.3,24.16,25.01,25.86,26.69,27.53,28.35,29.17,29.98,30.79,31.58,32.37,33.15,33.93,34.69,35.45,36.19,36.93,37.66,38.37,39.08,39.77,40.45,41.12,41.78,42.42,43.04,43.65,44.24,44.81,45.36,45.88,46.39,46.86,47.31,47.73,48.12,48.48,48.8,49.09,49.34,49.56,49.75,49.9,50.02,50.11,50.18,50.23,50.27,50.29,50.3,50.31,50.31,50.32,50.32,50.32,50.32,50.32,50.32,50.32,50.32,50.32,50.32,50.32,50.32,50.32,50.32,50.32,50.32,50.32,50.32
31,,,,,,,,,,,,,,,,,,,,,,,,,,,,,,,,1.0,1.99,2.98,3.96,4.93,5.9,6.87,7.83,8.78,9.73,10.67,11.61,12.54,13.47,14.39,15.31,16.22,17.12,18.02,18.91,19.8,20.68,21.55,22.42,23.28,24.14,24.99,25.83,26.67,27.5,28.32,29.13,29.94,30.74,31.54,32.32,33.1,33.86,34.62,35.37,36.11,36.84,37.56,38.27,38.97,39.65,40.32,40.98,41.62,42.25,42.86,43.45,44.02,44.57,45.09,45.6,46.07,46.52,46.94,47.33,47.68,48.01,48.29,48.55,48.76,48.94,49.09,49.21,49.31,49.38,49.43,49.46,49.48,49.49,49.5,49.51,49.51,49.51,49.51,49.51,49.51,49.51,49.51,49.51,49.51,49.51,49.51,49.51,49.51,49.51,49.51,49.51,49.51,49.51
32,,,,,,,,,,,,,,,,,,,,,,,,,,,,,,,,,1.0,1.99,2.98,3.96,4.93,5.9,6.87,7.83,8.78,9.73,10.67,11.61,12.54,13.47,14.39,15.3,16.21,17.11,18.01,18.9,19.78,20.66,21.54,22.4,23.26,24.12,24.96,25.81,26.64,27.47,28.28,29.1,29.9,30.7,31.48,32.26,33.04,33.8,34.55,35.29,36.03,36.75,37.46,38.16,38.85,39.52,40.18,40.82,41.45,42.06,42.65,43.22,43.77,44.3,44.8,45.28,45.73,46.15,46.53,46.89,47.21,47.5,47.75,47.96,48.14,48.29,48.41,48.5,48.57,48.62,48.65,48.67,48.68,48.69,48.69,48.7,48.7,48.7,48.7,48.7,48.7,48.7,48.7,48.7,48.7,48.7,48.7,48.7,48.7,48.7,48.7,48.7,48.7
33,,,,,,,,,,,,,,,,,,,,,,,,,,,,,,,,,,1.0,1.99,2.98,3.96,4.93,5.9,6.87,7.83,8.78,9.73,10.67,11.6,12.54,13.46,14.38,15.29,16.2,17.1,18.0,18.89,19.77,20.65,21.52,22.38,23.24,24.09,24.94,25.78,26.61,27.43,28.25,29.05,29.85,30.65,31.43,32.2,32.97,33.73,34.47,35.21,35.93,36.65,37.35,38.04,38.71,39.38,40.02,40.65,41.26,41.86,42.43,42.98,43.51,44.01,44.49,44.93,45.35,45.74,46.09,46.41,46.69,46.94,47.16,47.33,47.48,47.6,47.69,47.75,47.8,47.83,47.86,47.87,47.88,47.88,47.88,47.88,47.88,47.88,47.88,47.88,47.88,47.88,47.88,47.88,47.88,47.88,47.88,47.88,47.88,47.88,47.88,47.88
34,,,,,,,,,,,,,,,,,,,,,,,,,,,,,,,,,,,1.0,1.99,2.98,3.96,4.93,5.9,6.87,7.82,8.78,9.72,10.66,11.6,12.53,13.45,14.37,15.29,16.19,17.09,17.99,18.88,19.76,20.63,21.5,22.36,23.22,24.07,24.91,25.75,26.57,27.39,28.21,29.01,29.8,30.59,31.37,32.14,32.9,33.65,34.39,35.12,35.83,36.54,37.23,37.91,38.57,39.22,39.85,40.46,41.06,41.63,42.18,42.71,43.21,43.69,44.14,44.55,44.94,45.29,45.61,45.89,46.14,46.35,46.53,46.67,46.79,46.87,46.94,46.99,47.02,47.04,47.05,47.06,47.06,47.06,47.06,47.06,47.06,47.06,47.06,47.06,47.06,47.06,47.06,47.06,47.06,47.06,47.06,47.06,47.06,47.06,47.06
35,,,,,,,,,,,,,,,,,,,,,,,,,,,,,,,,,,,,1.0,1.99,2.98,3.96,4.93,5.9,6.86,7.82,8.77,9.72,10.66,11.6,12.53,13.45,14.37,15.28,16.18,17.08,17.98,18.86,19.74,20.62,21.48,22.34,23.2,24.04,24.88,25.71,26.54,27.35,28.16,28.96,29.75,30.53,31.3,32.07,32.82,33.56,34.29,35.01,35.72,36.41,37.09,37.76,38.41,39.04,39.66,40.25,40.83,41.38,41.91,42.41,42.89,43.33,43.75,44.14,44.49,44.8,45.08,45.33,45.54,45.71,45.86,45.97,46.06,46.12,46.17,46.2,46.22,46.23,46.24,46.24,46.24,46.24,46.24,46.24,46.24,46.24,46.24,46.24,46.24,46.24,46.24,46.24,46.24,46.24,46.24,46.24,46.24,46.24
36,,,,,,,,,,,,,,,,,,,,,,,,,,,,,,,,,,,,,1.0,1.99,2.97,3.96,4.93,5.9,6.86,7.82,8.77,9.72,10.66,11.59,12.52,13.44,14.36,15.27,16.17,17.07,17.96,18.85,19.73,20.6,21.46,22.32,23.17,24.01,24.85,25.68,26.5,27.31,28.11,28.91,29.69,30.47,31.23,31.99,32.73,33.47,34.19,34.9,35.6,36.28,36.95,37.6,38.23,38.85,39.45,40.02,40.58,41.11,41.61,42.08,42.53,42.95,43.33,43.68,43.99,44.27,44.52,44.72,44.9,45.04,45.15,45.24,45.3,45.35,45.38,45.4,45.41,45.41,45.42,45.42,45.42,45.42,45.42,45.42,45.42,45.42,45.42,45.42,45.42,45.42,45.42,45.42,45.42,45.42,45.42,45.42,45.42
37,,,,,,,,,,,,,,,,,,,,,,,,,,,,,,,,,,,,,,1.0,1.99,2.97,3.95,4.93,5.9,6.86,7.82,8.77,9.71,10.65,11.59,12.51,13.44,14.35,15.26,16.16,17.06,17.95,18.83,19.71,20.58,21.44,22.29,23.14,23.98,24.81,25.64,26.45,27.26,28.06,28.85,29.63,30.4,31.16,31.9,32.64,33.37,34.08,34.78,35.46,36.13,36.79,37.42,38.04,38.64,39.22,39.77,40.3,40.8,41.28,41.72,42.14,42.52,42.87,43.18,43.46,43.7,43.91,44.08,44.22,44.33,44.41,44.48,44.52,44.55,44.57,44.58,44.59,44.59,44.59,44.59,44.59,44.59,44.59,44.59,44.59,44.59,44.59,44.59,44.59,44.59,44.59,44.59,44.59,44.59,44.59,44.59
38,,,,,,,,,,,,,,,,,,,,,,,,,,,,,,,,,,,,,,,1.0,1.99,2.97,3.95,4.93,5.9,6.86,7.82,8.77,9.71,10.65,11.58,12.51,13.43,14.34,15.25,16.15,17.05,17.93,18.81,19.69,20.55,21.41,22.27,23.11,23.95,24.77,25.59,26.4,27.21,28.0,28.78,29.56,30.32,31.07,31.81,32.54,33.25,33.96,34.64,35.32,35.97,36.61,37.23,37.83,38.41,38.96,39.49,39.99,40.47,40.92,41.33,41.71,42.06,42.37,42.65,42.88,43.09,43.26,43.4,43.51,43.59,43.65,43.69,43.72,43.74,43.75,43.76,43.76,43.76,43.76,43.77,43.77,43.77,43.77,43.77,43.77,43.77,43.77,43.77,43.77,43.77,43.77,43.77,43.77,43.77,43.77
39,,,,,,,,,,,,,,,,,,,,,,,,,,,,,,,,,,,,,,,,1.0,1.99,2.97,3.95,4.93,5.9,6.86,7.81,8.76,9.71,10.64,11.58,12.5,13.42,14.33,15.24,16.14,17.03,17.92,18.8,19.67,20.53,21.39,22.24,23.08,23.91,24.73,25.55,26.35,27.15,27.94,28.71,29.48,30.23,30.98,31.71,32.43,33.13,33.82,34.5,35.15,35.79,36.41,37.01,37.59,38.15,38.68,39.18,39.66,40.1,40.52,40.9,41.24,41.55,41.83,42.07,42.27,42.44,42.57,42.68,42.76,42.82,42.86,42.89,42.91,42.92,42.93,42.93,42.93,42.93,42.93,42.93,42.93,42.93,42.93,42.93,42.93,42.93,42.93,42.93,42.93,42.93,42.93,42.93,42.93,42.93
40,,,,,,,,,,,,,,,,,,,,,,,,,,,,,,,,,,,,,,,,,1.0,1.99,2.97,3.95,4.93,5.89,6.86,7.81,8.76,9.7,10.64,11.57,12.49,13.41,14.32,15.23,16.13,17.02,17.9,18.78,19.64,20.5,21.36,22.2,23.04,23.87,24.69,25.5,26.3,27.09,27.87,28.64,29.4,30.14,30.88,31.6,32.3,33.0,33.67,34.33,34.97,35.6,36.2,36.78,37.34,37.87,38.37,38.85,39.29,39.7,40.08,40.43,40.74,41.01,41.24,41.44,41.61,41.75,41.85,41.93,41.99,42.03,42.06,42.08,42.09,42.1,42.1,42.1,42.1,42.1,42.1,42.1,42.1,42.1,42.1,42.1,42.1,42.1,42.1,42.1,42.1,42.1,42.1,42.1,42.1
41,,,,,,,,,,,,,,,,,,,,,,,,,,,,,,,,,,,,,,,,,,1.0,1.99,2.97,3.95,4.93,5.89,6.85,7.81,8.76,9.7,10.64,11.56,12.49,13.4,14.31,15.22,16.11,17.0,17.88,18.75,19.62,20.48,21.32,22.17,23.0,23.82,24.64,25.44,26.23,27.02,27.79,28.55,29.3,30.04,30.76,31.47,32.17,32.85,33.51,34.15,34.78,35.38,35.96,36.52,37.05,37.56,38.03,38.48,38.89,39.27,39.61,39.92,40.19,40.42,40.62,40.78,40.92,41.02,41.1,41.16,41.2,41.23,41.24,41.25,41.26,41.26,41.26,41.26,41.27,41.27,41.27,41.27,41.27,41.27,41.27,41.27,41.27,41.27,41.27,41.27,41.27,41.27,41.27,41.27
42,,,,,,,,,,,,,,,,,,,,,,,,,,,,,,,,,,,,,,,,,,,1.0,1.99,2.97,3.95,4.92,5.89,6.85,7.81,8.75,9.69,10.63,11.56,12.48,13.39,14.3,15.2,16.09,16.98,17.86,18.73,19.59,20.44,21.29,22.13,22.95,23.77,24.58,25.38,26.17,26.94,27.71,28.46,29.2,29.93,30.64,31.34,32.02,32.68,33.33,33.96,34.56,35.14,35.7,36.23,36.74,37.21,37.66,38.07,38.45,38.79,39.09,39.36,39.59,39.79,39.95,40.08,40.19,40.27,40.32,40.36,40.39,40.41,40.42,40.42,40.42,40.43,40.43,40.43,40.43,40.43,40.43,40.43,40.43,40.43,40.43,40.43,40.43,40.43,40.43,40.43,40.43,40.43,40.43
43,,,,,,,,,,,,,,,,,,,,,,,,,,,,,,,,,,,,,,,,,,,,1.0,1.99,2.97,3.95,4.92,5.89,6.85,7.8,8.75,9.69,10.62,11.55,12.47,13.38,14.29,15.19,16.08,16.96,17.84,18.7,19.56,20.41,21.25,22.08,22.9,23.72,24.52,25.31,26.09,26.86,27.62,28.36,29.09,29.81,30.51,31.19,31.86,32.5,33.13,33.74,34.32,34.88,35.41,35.92,36.39,36.84,37.25,37.62,37.96,38.27,38.53,38.76,38.96,39.12,39.25,39.35,39.43,39.48,39.52,39.55,39.57,39.58,39.58,39.58,39.59,39.59,39.59,39.59,39.59,39.59,39.59,39.59,39.59,39.59,39.59,39.59,39.59,39.59,39.59,39.59,39.59,39.59
44,,,,,,,,,,,,,,,,,,,,,,,,,,,,,,,,,,,,,,,,,,,,,1.0,1.99,2.97,3.95,4.92,5.89,6.85,7.8,8.75,9.68,10.62,11.54,12.46,13.37,14.27,15.17,16.06,16.94,17.81,18.67,19.53,20.37,21.21,22.03,22.85,23.66,24.45,25.24,26.01,26.77,27.52,28.25,28.97,29.67,30.36,31.03,31.68,32.31,32.91,33.5,34.06,34.59,35.1,35.57,36.01,36.42,36.8,37.14,37.44,37.7,37.93,38.13,38.29,38.41,38.51,38.59,38.64,38.68,38.71,38.72,38.73,38.74,38.74,38.74,38.74,38.74,38.74,38.74,38.74,38.74,38.74,38.74,38.74,38.74,38.74,38.74,38.74,38.74,38.74,38.74,38.74
45,,,,,,,,,,,,,,,,,,,,,,,,,,,,,,,,,,,,,,,,,,,,,,1.0,1.99,2.97,3.95,4.92,5.89,6.84,7.8,8.74,9.68,10.61,11.53,12.45,13.36,14.26,15.15,16.04,16.91,17.78,18.64,19.49,20.33,21.16,21.98,22.79,23.59,24.38,25.16,25.92,26.67,27.41,28.13,28.83,29.52,30.19,30.85,31.48,32.09,32.67,33.23,33.77,34.27,34.75,35.19,35.6,35.97,36.31,36.61,36.87,37.1,37.29,37.45,37.57,37.67,37.75,37.8,37.84,37.86,37.88,37.89,37.89,37.9,37.9,37.9,37.9,37.9,37.9,37.9,37.9,37.9,37.9,37.9,37.9,37.9,37.9,37.9,37.9,37.9,37.9,37.9
46,,,,,,,,,,,,,,,,,,,,,,,,,,,,,,,,,,,,,,,,,,,,,,,1.0,1.99,2.97,3.95,4.92,5.88,6.84,7.79,8.74,9.67,10.6,11.52,12.44,13.34,14.24,15.13,16.01,16.89,17.75,18.6,19.45,20.28,21.11,21.92,22.73,23.52,24.3,25.07,25.82,26.56,27.29,27.99,28.69,29.36,30.01,30.65,31.26,31.84,32.41,32.94,33.45,33.92,34.36,34.77,35.14,35.48,35.78,36.04,36.26,36.45,36.61,36.73,36.83,36.9,36.96,36.99,37.02,37.03,37.04,37.05,37.05,37.05,37.05,37.05,37.05,37.05,37.05,37.05,37.05,37.05,37.05,37.05,37.05,37.05,37.05,37.05,37.05,37.05,37.05
47,,,,,,,,,,,,,,,,,,,,,,,,,,,,,,,,,,,,,,,,,,,,,,,,1.0,1.99,2.97,3.95,4.92,5.88,6.84,7.79,8.73,9.66,10.59,11.51,12.42,13.33,14.22,15.11,15.99,16.86,17.71,18.56,19.41,20.23,21.05,21.86,22.66,23.44,24.21,24.97,25.71,26.44,27.15,27.85,28.52,29.18,29.81,30.42,31.01,31.58,32.11,32.62,33.09,33.53,33.94,34.31,34.65,34.94,35.2,35.43,35.61,35.77,35.89,35.99,36.06,36.11,36.15,36.17,36.19,36.2,36.2,36.2,36.2,36.2,36.2,36.2,36.2,36.2,36.2,36.2,36.2,36.2,36.2,36.2,36.2,36.2,36.2,36.2,36.2,36.2
48,,,,,,,,,,,,,,,,,,,,,,,,,,,,,,,,,,,,,,,,,,,,,,,,,1.0,1.99,2.97,3.95,4.92,5.88,6.83,7.78,8.72,9.66,10.58,11.5,12.41,13.31,14.2,15.08,15.96,16.82,17.68,18.52,19.36,20.18,20.99,21.79,22.58,23.36,24.12,24.86,25.59,26.31,27.0,27.68,28.34,28.98,29.59,30.18,30.75,31.28,31.79,32.26,32.7,33.11,33.48,33.81,34.11,34.37,34.59,34.77,34.93,35.05,35.14,35.21,35.26,35.3,35.32,35.34,35.35,35.35,35.35,35.35,35.35,35.36,35.36,35.36,35.36,35.36,35.36,35.36,35.36,35.36,35.36,35.36,35.36,35.36,35.36,35.36,35.36
49,,,,,,,,,,,,,,,,,,,,,,,,,,,,,,,,,,,,,,,,,,,,,,,,,,1.0,1.99,2.97,3.95,4.91,5.88,6.83,7.78,8.72,9.65,10.57,11.49,12.39,13.29,14.18,15.06,15.93,16.79,17.64,18.48,19.3,20.12,20.92,21.72,22.5,23.26,24.01,24.74,25.46,26.16,26.84,27.5,28.14,28.76,29.35,29.91,30.45,30.96,31.43,31.87,32.28,32.65,32.98,33.27,33.53,33.75,33.93,34.08,34.2,34.3,34.37,34.42,34.45,34.47,34.49,34.5,34.5,34.5,34.5,34.5,34.5,34.5,34.5,34.5,34.5,34.5,34.5,34.5,34.5,34.5,34.5,34.5,34.5,34.5,34.5,34.5
50,,,,,,,,,,,,,,,,,,,,,,,,,,,,,,,,,,,,,,,,,,,,,,,,,,,1.0,1.99,2.97,3.94,4.91,5.87,6.83,7.77,8.71,9.64,10.56,11.47,12.37,13.27,14.15,15.03,15.89,16.75,17.59,18.42,19.25,20.05,20.85,21.63,22.4,23.16,23.89,24.61,25.32,26.0,26.66,27.3,27.92,28.51,29.08,29.62,30.12,30.6,31.04,31.44,31.81,32.14,32.44,32.69,32.91,33.09,33.24,33.36,33.45,33.52,33.57,33.6,33.62,33.64,33.64,33.65,33.65,33.65,33.65,33.65,33.65,33.65,33.65,33.65,33.65,33.65,33.65,33.65,33.65,33.65,33.65,33.65,33.65,33.65,33.65
51,,,,,,,,,,,,,,,,,,,,,,,,,,,,,,,,,,,,,,,,,,,,,,,,,,,,1.0,1.99,2.97,3.94,4.91,5.87,6.82,7.76,8.7,9.63,10.54,11.45,12.35,13.24,14.12,14.99,15.85,16.7,17.54,18.37,19.18,19.98,20.77,21.54,22.3,23.04,23.76,24.47,25.16,25.82,26.46,27.08,27.68,28.25,28.78,29.29,29.77,30.21,30.61,30.98,31.31,31.6,31.85,32.07,32.25,32.4,32.51,32.6,32.67,32.72,32.75,32.77,32.79,32.79,32.8,32.8,32.8,32.8,32.8,32.8,32.8,32.8,32.8,32.8,32.8,32.8,32.8,32.8,32.8,32.8,32.8,32.8,32.8,32.8
52,,,,,,,,,,,,,,,,,,,,,,,,,,,,,,,,,,,,,,,,,,,,,,,,,,,,,1.0,1.99,2.97,3.94,4.91,5.87,6.82,7.76,8.69,9.61,10.53,11.44,12.33,13.22,14.09,14.96,15.81,16.66,17.49,18.31,19.11,19.9,20.68,21.44,22.19,22.91,23.62,24.31,24.98,25.63,26.25,26.84,27.41,27.95,28.46,28.93,29.37,29.78,30.14,30.47,30.76,31.01,31.23,31.41,31.55,31.67,31.75,31.82,31.87,31.9,31.92,31.93,31.94,31.95,31.95,31.95,31.95,31.95,31.95,31.95,31.95,31.95,31.95,31.95,31.95,31.95,31.95,31.95,31.95,31.95,31.95,31.95,31.95
53,,,,,,,,,,,,,,,,,,,,,,,,,,,,,,,,,,,,,,,,,,,,,,,,,,,,,,1.0,1.98,2.97,3.94,4.9,5.86,6.81,7.75,8.68,9.6,10.51,11.42,12.31,13.19,14.06,14.92,15.77,16.6,17.43,18.24,19.03,19.82,20.58,21.33,22.06,22.77,23.47,24.14,24.78,25.41,26.01,26.58,27.12,27.62,28.1,28.54,28.94,29.31,29.63,29.92,30.17,30.39,30.56,30.71,30.82,30.91,30.97,31.02,31.05,31.07,31.08,31.09,31.1,31.1,31.1,31.1,31.1,31.1,31.1,31.1,31.1,31.1,31.1,31.1,31.1,31.1,31.1,31.1,31.1,31.1,31.1,31.1
54,,,,,,,,,,,,,,,,,,,,,,,,,,,,,,,,,,,,,,,,,,,,,,,,,,,,,,,1.0,1.98,2.96,3.94,4.9,5.86,6.8,7.74,8.67,9.59,10.49,11.39,12.28,13.16,14.02,14.88,15.72,16.55,17.36,18.16,18.95,19.72,20.47,21.21,21.92,22.62,23.29,23.94,24.57,25.17,25.74,26.28,26.79,27.27,27.71,28.11,28.47,28.8,29.09,29.33,29.54,29.72,29.86,29.97,30.06,30.12,30.17,30.2,30.22,30.23,30.24,30.24,30.25,30.25,30.25,30.25,30.25,30.25,30.25,30.25,30.25,30.25,30.25,30.25,30.25,30.25,30.25,30.25,30.25,30.25,30.25
55,,,,,,,,,,,,,,,,,,,,,,,,,,,,,,,,,,,,,,,,,,,,,,,,,,,,,,,,1.0,1.98,2.96,3.93,4.9,5.85,6.8,7.73,8.66,9.57,10.48,11.37,12.25,13.12,13.98,14.83,15.67,16.49,17.29,18.08,18.86,19.61,20.35,21.07,21.77,22.45,23.1,23.73,24.33,24.9,25.45,25.96,26.43,26.87,27.27,27.64,27.96,28.25,28.5,28.7,28.88,29.02,29.13,29.21,29.28,29.32,29.35,29.37,29.38,29.39,29.39,29.4,29.4,29.4,29.4,29.4,29.4,29.4,29.4,29.4,29.4,29.4,29.4,29.4,29.4,29.4,29.4,29.4,29.4,29.4
56,,,,,,,,,,,,,,,,,,,,,,,,,,,,,,,,,,,,,,,,,,,,,,,,,,,,,,,,,1.0,1.98,2.96,3.93,4.89,5.85,6.79,7.72,8.64,9.55,10.45,11.34,12.22,13.09,13.94,14.78,15.61,16.42,17.21,17.99,18.75,19.5,20.22,20.92,21.6,22.26,22.89,23.5,24.07,24.61,25.12,25.6,26.04,26.44,26.81,27.13,27.41,27.66,27.87,28.04,28.18,28.29,28.37,28.43,28.47,28.5,28.52,28.54,28.54,28.55,28.55,28.55,28.55,28.55,28.55,28.55,28.55,28.55,28.55,28.55,28.55,28.55,28.55,28.55,28.55,28.55,28.55,28.55,28.55
57,,,,,,,,,,,,,,,,,,,,,,,,,,,,,,,,,,,,,,,,,,,,,,,,,,,,,,,,,,1.0,1.98,2.96,3.93,4.89,5.84,6.78,7.71,8.63,9.53,10.43,11.32,12.19,13.05,13.89,14.73,15.54,16.34,17.13,17.89,18.64,19.37,20.08,20.76,21.42,22.05,22.66,23.24,23.78,24.29,24.77,25.21,25.61,25.97,26.3,26.58,26.82,27.03,27.2,27.34,27.44,27.53,27.59,27.63,27.66,27.68,27.69,27.7,27.7,27.7,27.7,27.7,27.7,27.7,27.7,27.7,27.7,27.7,27.7,27.7,27.7,27.7,27.7,27.7,27.7,27.7,27.7,27.7
58,,,,,,,,,,,,,,,,,,,,,,,,,,,,,,,,,,,,,,,,,,,,,,,,,,,,,,,,,,,1.0,1.98,2.96,3.93,4.88,5.83,6.77,7.7,8.61,9.51,10.41,11.29,12.15,13.0,13.84,14.66,15.47,16.26,17.03,17.78,18.52,19.23,19.92,20.58,21.21,21.82,22.4,22.95,23.46,23.94,24.38,24.78,25.14,25.46,25.75,25.99,26.19,26.36,26.5,26.6,26.68,26.74,26.79,26.81,26.83,26.84,26.85,26.85,26.86,26.86,26.86,26.86,26.86,26.86,26.86,26.86,26.86,26.86,26.86,26.86,26.86,26.86,26.86,26.86,26.86,26.86,26.86
59,,,,,,,,,,,,,,,,,,,,,,,,,,,,,,,,,,,,,,,,,,,,,,,,,,,,,,,,,,,,1.0,1.98,2.96,3.92,4.88,5.82,6.76,7.68,8.59,9.49,10.38,11.25,12.11,12.96,13.78,14.6,15.39,16.17,16.93,17.66,18.38,19.07,19.74,20.38,20.99,21.57,22.12,22.63,23.11,23.55,23.95,24.31,24.64,24.92,25.16,25.36,25.53,25.66,25.77,25.85,25.9,25.95,25.97,25.99,26.0,26.01,26.01,26.01,26.02,26.02,26.02,26.02,26.02,26.02,26.02,26.02,26.02,26.02,26.02,26.02,26.02,26.02,26.02,26.02,26.02,26.02
60,,,,,,,,,,,,,,,,,,,,,,,,,,,,,,,,,,,,,,,,,,,,,,,,,,,,,,,,,,,,,1.0,1.98,2.96,3.92,4.87,5.82,6.75,7.67,8.57,9.47,10.35,11.22,12.07,12.9,13.72,14.52,15.31,16.07,16.81,17.53,18.23,18.9,19.54,20.16,20.74,21.29,21.81,22.28,22.73,23.13,23.49,23.81,24.09,24.33,24.53,24.69,24.83,24.93,25.01,25.07,25.11,25.14,25.15,25.16,25.17,25.17,25.18,25.18,25.18,25.18,25.18,25.18,25.18,25.18,25.18,25.18,25.18,25.18,25.18,25.18,25.18,25.18,25.18,25.18,25.18
61,,,,,,,,,,,,,,,,,,,,,,,,,,,,,,,,,,,,,,,,,,,,,,,,,,,,,,,,,,,,,,0.99,1.98,2.95,3.92,4.87,5.81,6.74,7.65,8.55,9.44,10.32,11.17,12.02,12.84,13.65,14.44,15.21,15.96,16.68,17.38,18.06,18.7,19.32,19.91,20.46,20.98,21.46,21.9,22.3,22.66,22.98,23.26,23.5,23.7,23.87,24.0,24.1,24.18,24.23,24.27,24.3,24.32,24.33,24.33,24.34,24.34,24.34,24.34,24.34,24.34,24.34,24.34,24.34,24.34,24.34,24.34,24.34,24.34,24.34,24.34,24.34,24.34,24.34,24.34
62,,,,,,,,,,,,,,,,,,,,,,,,,,,,,,,,,,,,,,,,,,,,,,,,,,,,,,,,,,,,,,,0.99,1.98,2.95,3.91,4.86,5.8,6.72,7.63,8.53,9.41,10.28,11.13,11.96,12.78,13.57,14.35,15.1,15.83,16.54,17.22,17.87,18.49,19.08,19.64,20.16,20.64,21.08,21.48,21.84,22.16,22.44,22.68,22.88,23.04,23.17,23.27,23.35,23.4,23.44,23.47,23.48,23.49,23.5,23.5,23.51,23.51,23.51,23.51,23.51,23.51,23.51,23.51,23.51,23.51,23.51,23.51,23.51,23.51,23.51,23.51,23.51,23.51,23.51
63,,,,,,,,,,,,,,,,,,,,,,,,,,,,,,,,,,,,,,,,,,,,,,,,,,,,,,,,,,,,,,,,0.99,1.98,2.95,3.91,4.85,5.79,6.71,7.61,8.51,9.38,10.24,11.08,11.9,12.71,13.49,14.25,14.98,15.69,16.38,17.03,17.66,18.25,18.81,19.33,19.82,20.26,20.66,21.02,21.34,21.62,21.86,22.05,22.22,22.34,22.44,22.52,22.57,22.61,22.64,22.66,22.67,22.67,22.67,22.68,22.68,22.68,22.68,22.68,22.68,22.68,22.68,22.68,22.68,22.68,22.68,22.68,22.68,22.68,22.68,22.68,22.68,22.68
64,,,,,,,,,,,,,,,,,,,,,,,,,,,,,,,,,,,,,,,,,,,,,,,,,,,,,,,,,,,,,,,,,0.99,1.98,2.95,3.9,4.85,5.78,6.69,7.59,8.48,9.34,10.19,11.02,11.83,12.62,13.39,14.13,14.85,15.54,16.2,16.83,17.43,17.99,18.51,19.0,19.44,19.85,20.21,20.53,20.8,21.04,21.23,21.4,21.52,21.62,21.7,21.75,21.79,21.81,21.83,21.84,21.84,21.85,21.85,21.85,21.85,21.85,21.85,21.85,21.85,21.85,21.85,21.85,21.85,21.85,21.85,21.85,21.85,21.85,21.85,21.85,21.85
65,,,,,,,,,,,,,,,,,,,,,,,,,,,,,,,,,,,,,,,,,,,,,,,,,,,,,,,,,,,,,,,,,,0.99,1.98,2.94,3.9,4.84,5.76,6.67,7.57,8.45,9.3,10.14,10.96,11.76,12.53,13.28,14.01,14.7,15.37,16.0,16.6,17.17,17.69,18.18,18.63,19.03,19.4,19.71,19.99,20.22,20.42,20.58,20.71,20.8,20.88,20.93,20.97,20.99,21.01,21.02,21.02,21.02,21.03,21.03,21.03,21.03,21.03,21.03,21.03,21.03,21.03,21.03,21.03,21.03,21.03,21.03,21.03,21.03,21.03,21.03,21.03
66,,,,,,,,,,,,,,,,,,,,,,,,,,,,,,,,,,,,,,,,,,,,,,,,,,,,,,,,,,,,,,,,,,,0.99,1.97,2.94,3.89,4.83,5.75,6.65,7.54,8.41,9.26,10.09,10.89,11.67,12.43,13.16,13.86,14.53,15.17,15.78,16.35,16.88,17.37,17.82,18.22,18.59,18.9,19.18,19.41,19.61,19.77,19.89,19.99,20.06,20.11,20.15,20.17,20.19,20.2,20.2,20.21,20.21,20.21,20.21,20.21,20.21,20.21,20.21,20.21,20.21,20.21,20.21,20.21,20.21,20.21,20.21,20.21,20.21,20.21,20.21
67,,,,,,,,,,,,,,,,,,,,,,,,,,,,,,,,,,,,,,,,,,,,,,,,,,,,,,,,,,,,,,,,,,,,0.99,1.97,2.94,3.89,4.82,5.73,6.63,7.51,8.37,9.21,10.02,10.81,11.58,12.32,13.02,13.7,14.35,14.96,15.53,16.07,16.56,17.01,17.42,17.78,18.1,18.38,18.61,18.8,18.96,19.09,19.18,19.25,19.3,19.34,19.36,19.38,19.39,19.39,19.4,19.4,19.4,19.4,19.4,19.4,19.4,19.4,19.4,19.4,19.4,19.4,19.4,19.4,19.4,19.4,19.4,19.4,19.4,19.4
68,,,,,,,,,,,,,,,,,,,,,,,,,,,,,,,,,,,,,,,,,,,,,,,,,,,,,,,,,,,,,,,,,,,,,0.99,1.97,2.93,3.88,4.81,5.72,6.61,7.48,8.32,9.15,9.95,10.72,11.47,12.19,12.87,13.52,14.14,14.72,15.26,15.76,16.21,16.62,16.98,17.3,17.58,17.81,18.0,18.16,18.28,18.38,18.45,18.5,18.54,18.56,18.57,18.58,18.59,18.59,18.59,18.59,18.59,18.59,18.59,18.59,18.59,18.59,18.59,18.59,18.59,18.59,18.59,18.59,18.59,18.59,18.59,18.59,18.59
69,,,,,,,,,,,,,,,,,,,,,,,,,,,,,,,,,,,,,,,,,,,,,,,,,,,,,,,,,,,,,,,,,,,,,,0.99,1.97,2.93,3.87,4.79,5.69,6.58,7.44,8.27,9.08,9.87,10.62,11.35,12.04,12.7,13.32,13.91,14.45,14.95,15.41,15.82,16.19,16.51,16.78,17.02,17.21,17.37,17.49,17.58,17.65,17.7,17.74,17.76,17.78,17.78,17.79,17.79,17.79,17.79,17.79,17.79,17.79,17.79,17.79,17.79,17.79,17.79,17.79,17.79,17.79,17.79,17.79,17.79,17.79,17.79,17.79
70,,,,,,,,,,,,,,,,,,,,,,,,,,,,,,,,,,,,,,,,,,,,,,,,,,,,,,,,,,,,,,,,,,,,,,,0.99,1.97,2.92,3.86,4.78,5.67,6.54,7.39,8.21,9.01,9.78,10.51,11.21,11.88,12.51,13.1,13.65,14.16,14.62,15.03,15.4,15.72,16.0,16.23,16.42,16.58,16.7,16.79,16.86,16.91,16.95,16.97,16.98,16.99,17.0,17.0,17.0,17.0,17.0,17.0,17.0,17.0,17.0,17.0,17.0,17.0,17.0,17.0,17.0,17.0,17.0,17.0,17.0,17.0,17.0
71,,,,,,,,,,,,,,,,,,,,,,,,,,,,,,,,,,,,,,,,,,,,,,,,,,,,,,,,,,,,,,,,,,,,,,,,0.99,1.96,2.92,3.85,4.76,5.64,6.51,7.34,8.15,8.93,9.67,10.38,11.06,11.7,12.3,12.85,13.36,13.83,14.25,14.62,14.94,15.22,15.45,15.64,15.8,15.92,16.01,16.08,16.13,16.17,16.19,16.2,16.21,16.22,16.22,16.22,16.22,16.22,16.22,16.22,16.22,16.22,16.22,16.22,16.22,16.22,16.22,16.22,16.22,16.22,16.22,16.22,16.22,16.22
72,,,,,,,,,,,,,,,,,,,,,,,,,,,,,,,,,,,,,,,,,,,,,,,,,,,,,,,,,,,,,,,,,,,,,,,,,0.99,1.96,2.91,3.84,4.74,5.61,6.46,7.28,8.07,8.83,9.56,10.24,10.89,11.5,12.06,12.58,13.05,13.47,13.84,14.17,14.45,14.68,14.87,15.03,15.15,15.24,15.31,15.36,15.4,15.42,15.43,15.44,15.44,15.45,15.45,15.45,15.45,15.45,15.45,15.45,15.45,15.45,15.45,15.45,15.45,15.45,15.45,15.45,15.45,15.45,15.45,15.45,15.45
73,,,,,,,,,,,,,,,,,,,,,,,,,,,,,,,,,,,,,,,,,,,,,,,,,,,,,,,,,,,,,,,,,,,,,,,,,,0.99,1.96,2.9,3.82,4.71,5.58,6.42,7.22,7.99,8.73,9.42,10.08,10.7,11.27,11.79,12.27,12.7,13.08,13.4,13.69,13.92,14.12,14.27,14.39,14.49,14.55,14.6,14.64,14.66,14.67,14.68,14.68,14.69,14.69,14.69,14.69,14.69,14.69,14.69,14.69,14.69,14.69,14.69,14.69,14.69,14.69,14.69,14.69,14.69,14.69,14.69,14.69
74,,,,,,,,,,,,,,,,,,,,,,,,,,,,,,,,,,,,,,,,,,,,,,,,,,,,,,,,,,,,,,,,,,,,,,,,,,,0.99,1.95,2.89,3.8,4.69,5.54,6.36,7.15,7.9,8.61,9.28,9.9,10.48,11.02,11.5,11.93,12.32,12.65,12.93,13.17,13.37,13.52,13.65,13.74,13.81,13.85,13.89,13.91,13.92,13.93,13.93,13.94,13.94,13.94,13.94,13.94,13.94,13.94,13.94,13.94,13.94,13.94,13.94,13.94,13.94,13.94,13.94,13.94,13.94,13.94,13.94
75,,,,,,,,,,,,,,,,,,,,,,,,,,,,,,,,,,,,,,,,,,,,,,,,,,,,,,,,,,,,,,,,,,,,,,,,,,,,0.99,1.95,2.88,3.79,4.66,5.5,6.3,7.07,7.79,8.47,9.11,9.7,10.25,10.74,11.18,11.57,11.91,12.19,12.43,12.63,12.79,12.91,13.0,13.07,13.12,13.15,13.17,13.19,13.2,13.2,13.2,13.2,13.2,13.2,13.2,13.2,13.2,13.2,13.2,13.2,13.2,13.2,13.2,13.2,13.2,13.2,13.2,13.2,13.2,13.2
76,,,,,,,,,,,,,,,,,,,,,,,,,,,,,,,,,,,,,,,,,,,,,,,,,,,,,,,,,,,,,,,,,,,,,,,,,,,,,0.99,1.94,2.87,3.76,4.62,5.45,6.23,6.97,7.67,8.33,8.93,9.48,9.99,10.43,10.83,11.17,11.46,11.71,11.91,12.07,12.19,12.28,12.35,12.4,12.43,12.45,12.47,12.47,12.48,12.48,12.48,12.48,12.48,12.48,12.48,12.48,12.48,12.48,12.48,12.48,12.48,12.48,12.48,12.48,12.48,12.48,12.48,12.48,12.48
77,,,,,,,,,,,,,,,,,,,,,,,,,,,,,,,,,,,,,,,,,,,,,,,,,,,,,,,,,,,,,,,,,,,,,,,,,,,,,,0.98,1.94,2.86,3.74,4.59,5.39,6.15,6.87,7.54,8.16,8.73,9.24,9.7,10.1,10.45,10.75,11.0,11.2,11.36,11.48,11.58,11.65,11.7,11.73,11.75,11.76,11.77,11.77,11.78,11.78,11.78,11.78,11.78,11.78,11.78,11.78,11.78,11.78,11.78,11.78,11.78,11.78,11.78,11.78,11.78,11.78,11.78,11.78
78,,,,,,,,,,,,,,,,,,,,,,,,,,,,,,,,,,,,,,,,,,,,,,,,,,,,,,,,,,,,,,,,,,,,,,,,,,,,,,,0.98,1.93,2.84,3.71,4.54,5.33,6.07,6.75,7.39,7.97,8.5,8.97,9.38,9.74,10.04,10.3,10.5,10.67,10.79,10.89,10.96,11.01,11.04,11.06,11.08,11.08,11.09,11.09,11.09,11.09,11.09,11.09,11.09,11.09,11.09,11.09,11.09,11.09,11.09,11.09,11.09,11.09,11.09,11.09,11.09,11.09,11.09
79,,,,,,,,,,,,,,,,,,,,,,,,,,,,,,,,,,,,,,,,,,,,,,,,,,,,,,,,,,,,,,,,,,,,,,,,,,,,,,,,0.98,1.92,2.82,3.68,4.49,5.26,5.97,6.62,7.22,7.77,8.25,8.67,9.04,9.35,9.61,9.82,9.99,10.12,10.22,10.29,10.34,10.37,10.39,10.41,10.41,10.42,10.42,10.42,10.42,10.42,10.42,10.42,10.42,10.42,10.42,10.42,10.42,10.42,10.42,10.42,10.42,10.42,10.42,10.42,10.42,10.42
80,,,,,,,,,,,,,,,,,,,,,,,,,,,,,,,,,,,,,,,,,,,,,,,,,,,,,,,,,,,,,,,,,,,,,,,,,,,,,,,,,0.98,1.92,2.81,3.65,4.44,5.17,5.85,6.48,7.04,7.54,7.98,8.36,8.68,8.94,9.16,9.33,9.46,9.56,9.64,9.69,9.72,9.74,9.76,9.76,9.77,9.77,9.77,9.77,9.77,9.77,9.77,9.77,9.77,9.77,9.77,9.77,9.77,9.77,9.77,9.77,9.77,9.77,9.77,9.77,9.77
81,,,,,,,,,,,,,,,,,,,,,,,,,,,,,,,,,,,,,,,,,,,,,,,,,,,,,,,,,,,,,,,,,,,,,,,,,,,,,,,,,,0.98,1.91,2.78,3.61,4.37,5.08,5.73,6.31,6.83,7.29,7.68,8.01,8.29,8.51,8.69,8.83,8.93,9.0,9.06,9.09,9.11,9.13,9.13,9.14,9.14,9.14,9.14,9.14,9.14,9.14,9.14,9.14,9.14,9.14,9.14,9.14,9.14,9.14,9.14,9.14,9.14,9.14,9.14,9.14
82,,,,,,,,,,,,,,,,,,,,,,,,,,,,,,,,,,,,,,,,,,,,,,,,,,,,,,,,,,,,,,,,,,,,,,,,,,,,,,,,,,,0.97,1.89,2.76,3.56,4.3,4.98,5.59,6.13,6.61,7.02,7.36,7.65,7.88,8.07,8.21,8.31,8.39,8.44,8.48,8.5,8.52,8.52,8.53,8.53,8.53,8.53,8.53,8.53,8.53,8.53,8.53,8.53,8.53,8.53,8.53,8.53,8.53,8.53,8.53,8.53,8.53,8.53,8.53
83,,,,,,,,,,,,,,,,,,,,,,,,,,,,,,,,,,,,,,,,,,,,,,,,,,,,,,,,,,,,,,,,,,,,,,,,,,,,,,,,,,,,0.97,1.88,2.73,3.51,4.22,4.86,5.43,5.93,6.36,6.73,7.03,7.27,7.46,7.61,7.72,7.8,7.85,7.89,7.91,7.93,7.94,7.94,7.94,7.95,7.95,7.95,7.95,7.95,7.95,7.95,7.95,7.95,7.95,7.95,7.95,7.95,7.95,7.95,7.95,7.95,7.95,7.95
84,,,,,,,,,,,,,,,,,,,,,,,,,,,,,,,,,,,,,,,,,,,,,,,,,,,,,,,,,,,,,,,,,,,,,,,,,,,,,,,,,,,,,0.97,1.87,2.69,3.45,4.13,4.73,5.26,5.72,6.1,6.42,6.67,6.87,7.03,7.15,7.23,7.29,7.33,7.35,7.36,7.37,7.38,7.38,7.38,7.38,7.38,7.38,7.38,7.38,7.38,7.38,7.38,7.38,7.38,7.38,7.38,7.38,7.38,7.38,7.38,7.38,7.38
85,,,,,,,,,,,,,,,,,,,,,,,,,,,,,,,,,,,,,,,,,,,,,,,,,,,,,,,,,,,,,,,,,,,,,,,,,,,,,,,,,,,,,,0.96,1.85,2.66,3.38,4.03,4.59,5.07,5.48,5.82,6.09,6.31,6.47,6.59,6.68,6.74,6.78,6.81,6.82,6.83,6.84,6.84,6.84,6.84,6.84,6.84,6.84,6.84,6.84,6.84,6.84,6.84,6.84,6.84,6.84,6.84,6.84,6.84,6.84,6.84,6.84
86,,,,,,,,,,,,,,,,,,,,,,,,,,,,,,,,,,,,,,,,,,,,,,,,,,,,,,,,,,,,,,,,,,,,,,,,,,,,,,,,,,,,,,,0.96,1.83,2.61,3.31,3.91,4.44,4.87,5.24,5.53,5.76,5.93,6.06,6.16,6.22,6.27,6.29,6.31,6.32,6.32,6.33,6.33,6.33,6.33,6.33,6.33,6.33,6.33,6.33,6.33,6.33,6.33,6.33,6.33,6.33,6.33,6.33,6.33,6.33,6.33
87,,,,,,,,,,,,,,,,,,,,,,,,,,,,,,,,,,,,,,,,,,,,,,,,,,,,,,,,,,,,,,,,,,,,,,,,,,,,,,,,,,,,,,,,0.95,1.81,2.56,3.23,3.79,4.27,4.66,4.98,5.23,5.42,5.56,5.66,5.73,5.77,5.8,5.82,5.83,5.84,5.84,5.84,5.84,5.84,5.84,5.84,5.84,5.84,5.84,5.84,5.84,5.84,5.84,5.84,5.84,5.84,5.84,5.84,5.84,5.84
88,,,,,,,,,,,,,,,,,,,,,,,,,,,,,,,,,,,,,,,,,,,,,,,,,,,,,,,,,,,,,,,,,,,,,,,,,,,,,,,,,,,,,,,,,0.95,1.78,2.51,3.14,3.66,4.09,4.44,4.71,4.92,5.07,5.18,5.26,5.31,5.34,5.36,5.37,5.38,5.38,5.38,5.38,5.38,5.38,5.38,5.38,5.38,5.38,5.38,5.38,5.38,5.38,5.38,5.38,5.38,5.38,5.38,5.38,5.38
89,,,,,,,,,,,,,,,,,,,,,,,,,,,,,,,,,,,,,,,,,,,,,,,,,,,,,,,,,,,,,,,,,,,,,,,,,,,,,,,,,,,,,,,,,,0.94,1.76,2.45,3.04,3.52,3.91,4.21,4.44,4.61,4.74,4.82,4.87,4.91,4.93,4.94,4.95,4.95,4.95,4.96,4.96,4.96,4.96,4.96,4.96,4.96,4.96,4.96,4.96,4.96,4.96,4.96,4.96,4.96,4.96,4.96,4.96
90,,,,,,,,,,,,,,,,,,,,,,,,,,,,,,,,,,,,,,,,,,,,,,,,,,,,,,,,,,,,,,,,,,,,,,,,,,,,,,,,,,,,,,,,,,,0.93,1.73,2.39,2.94,3.38,3.72,3.98,4.17,4.31,4.41,4.47,4.51,4.53,4.55,4.55,4.56,4.56,4.56,4.56,4.56,4.56,4.56,4.56,4.56,4.56,4.56,4.56,4.56,4.56,4.56,4.56,4.56,4.56,4.56,4.56
91,,,,,,,,,,,,,,,,,,,,,,,,,,,,,,,,,,,,,,,,,,,,,,,,,,,,,,,,,,,,,,,,,,,,,,,,,,,,,,,,,,,,,,,,,,,,0.92,1.69,2.33,2.83,3.23,3.53,3.75,3.91,4.02,4.09,4.14,4.16,4.18,4.19,4.19,4.19,4.19,4.2,4.2,4.2,4.2,4.2,4.2,4.2,4.2,4.2,4.2,4.2,4.2,4.2,4.2,4.2,4.2,4.2
92,,,,,,,,,,,,,,,,,,,,,,,,,,,,,,,,,,,,,,,,,,,,,,,,,,,,,,,,,,,,,,,,,,,,,,,,,,,,,,,,,,,,,,,,,,,,,0.91,1.66,2.26,2.73,3.08,3.34,3.53,3.66,3.74,3.79,3.82,3.84,3.85,3.86,3.86,3.86,3.86,3.86,3.86,3.86,3.86,3.86,3.86,3.86,3.86,3.86,3.86,3.86,3.86,3.86,3.86,3.86,3.86
93,,,,,,,,,,,,,,,,,,,,,,,,,,,,,,,,,,,,,,,,,,,,,,,,,,,,,,,,,,,,,,,,,,,,,,,,,,,,,,,,,,,,,,,,,,,,,,0.9,1.63,2.19,2.62,2.93,3.16,3.31,3.41,3.47,3.51,3.53,3.55,3.55,3.56,3.56,3.56,3.56,3.56,3.56,3.56,3.56,3.56,3.56,3.56,3.56,3.56,3.56,3.56,3.56,3.56,3.56,3.56
94,,,,,,,,,,,,,,,,,,,,,,,,,,,,,,,,,,,,,,,,,,,,,,,,,,,,,,,,,,,,,,,,,,,,,,,,,,,,,,,,,,,,,,,,,,,,,,,0.89,1.59,2.12,2.51,2.79,2.98,3.1,3.18,3.22,3.25,3.27,3.27,3.28,3.28,3.28,3.28,3.28,3.28,3.28,3.28,3.28,3.28,3.28,3.28,3.28,3.28,3.28,3.28,3.28,3.28,3.28
95,,,,,,,,,,,,,,,,,,,,,,,,,,,,,,,,,,,,,,,,,,,,,,,,,,,,,,,,,,,,,,,,,,,,,,,,,,,,,,,,,,,,,,,,,,,,,,,,0.88,1.55,2.05,2.4,2.64,2.8,2.9,2.96,2.99,3.01,3.02,3.02,3.02,3.02,3.02,3.03,3.03,3.03,3.03,3.03,3.03,3.03,3.03,3.03,3.03,3.03,3.03,3.03,3.03,3.03
96,,,,,,,,,,,,,,,,,,,,,,,,,,,,,,,,,,,,,,,,,,,,,,,,,,,,,,,,,,,,,,,,,,,,,,,,,,,,,,,,,,,,,,,,,,,,,,,,,0.87,1.52,1.97,2.29,2.49,2.62,2.7,2.74,2.77,2.78,2.78,2.79,2.79,2.79,2.79,2.79,2.79,2.79,2.79,2.79,2.79,2.79,2.79,2.79,2.79,2.79,2.79,2.79,2.79
97,,,,,,,,,,,,,,,,,,,,,,,,,,,,,,,,,,,,,,,,,,,,,,,,,,,,,,,,,,,,,,,,,,,,,,,,,,,,,,,,,,,,,,,,,,,,,,,,,,0.86,1.47,1.89,2.17,2.34,2.45,2.51,2.54,2.56,2.56,2.57,2.57,2.57,2.57,2.57,2.57,2.57,2.57,2.57,2.57,2.57,2.57,2.57,2.57,2.57,2.57,2.57,2.57
98,,,,,,,,,,,,,,,,,,,,,,,,,,,,,,,,,,,,,,,,,,,,,,,,,,,,,,,,,,,,,,,,,,,,,,,,,,,,,,,,,,,,,,,,,,,,,,,,,,,0.85,1.43,1.81,2.05,2.2,2.28,2.32,2.35,2.36,2.36,2.37,2.37,2.37,2.37,2.37,2.37,2.37,2.37,2.37,2.37,2.37,2.37,2.37,2.37,2.37,2.37,2.37
99,,,,,,,,,,,,,,,,,,,,,,,,,,,,,,,,,,,,,,,,,,,,,,,,,,,,,,,,,,,,,,,,,,,,,,,,,,,,,,,,,,,,,,,,,,,,,,,,,,,,0.83,1.38,1.73,1.94,2.06,2.12,2.15,2.17,2.18,2.18,2.18,2.18,2.18,2.18,2.18,2.18,2.18,2.18,2.18,2.18,2.18,2.18,2.18,2.18,2.18,2.18
100,,,,,,,,,,,,,,,,,,,,,,,,,,,,,,,,,,,,,,,,,,,,,,,,,,,,,,,,,,,,,,,,,,,,,,,,,,,,,,,,,,,,,,,,,,,,,,,,,,,,,0.82,1.34,1.65,1.83,1.92,1.97,2.0,2.01,2.01,2.01,2.01,2.02,2.02,2.02,2.02,2.02,2.02,2.02,2.02,2.02,2.02,2.02,2.02,2.02,2.02
101,,,,,,,,,,,,,,,,,,,,,,,,,,,,,,,,,,,,,,,,,,,,,,,,,,,,,,,,,,,,,,,,,,,,,,,,,,,,,,,,,,,,,,,,,,,,,,,,,,,,,,0.81,1.29,1.57,1.72,1.8,1.83,1.85,1.86,1.86,1.86,1.86,1.86,1.86,1.86,1.86,1.86,1.86,1.86,1.86,1.86,1.86,1.86,1.86,1.86
102,,,,,,,,,,,,,,,,,,,,,,,,,,,,,,,,,,,,,,,,,,,,,,,,,,,,,,,,,,,,,,,,,,,,,,,,,,,,,,,,,,,,,,,,,,,,,,,,,,,,,,,0.79,1.25,1.49,1.62,1.68,1.71,1.72,1.72,1.72,1.72,1.72,1.72,1.72,1.72,1.72,1.72,1.72,1.72,1.72,1.72,1.72,1.72,1.72
103,,,,,,,,,,,,,,,,,,,,,,,,,,,,,,,,,,,,,,,,,,,,,,,,,,,,,,,,,,,,,,,,,,,,,,,,,,,,,,,,,,,,,,,,,,,,,,,,,,,,,,,,0.78,1.2,1.41,1.52,1.57,1.59,1.59,1.6,1.6,1.6,1.6,1.6,1.6,1.6,1.6,1.6,1.6,1.6,1.6,1.6,1.6,1.6
104,,,,,,,,,,,,,,,,,,,,,,,,,,,,,,,,,,,,,,,,,,,,,,,,,,,,,,,,,,,,,,,,,,,,,,,,,,,,,,,,,,,,,,,,,,,,,,,,,,,,,,,,,0.76,1.15,1.34,1.42,1.46,1.47,1.48,1.48,1.48,1.48,1.48,1.48,1.48,1.48,1.48,1.48,1.48,1.48,1.48,1.48,1.48
105,,,,,,,,,,,,,,,,,,,,,,,,,,,,,,,,,,,,,,,,,,,,,,,,,,,,,,,,,,,,,,,,,,,,,,,,,,,,,,,,,,,,,,,,,,,,,,,,,,,,,,,,,,0.75,1.11,1.27,1.34,1.36,1.37,1.38,1.38,1.38,1.38,1.38,1.38,1.38,1.38,1.38,1.38,1.38,1.38,1.38,1.38
106,,,,,,,,,,,,,,,,,,,,,,,,,,,,,,,,,,,,,,,,,,,,,,,,,,,,,,,,,,,,,,,,,,,,,,,,,,,,,,,,,,,,,,,,,,,,,,,,,,,,,,,,,,,0.73,1.06,1.2,1.25,1.27,1.28,1.28,1.28,1.28,1.28,1.28,1.28,1.28,1.28,1.28,1.28,1.28,1.28,1.28
107,,,,,,,,,,,,,,,,,,,,,,,,,,,,,,,,,,,,,,,,,,,,,,,,,,,,,,,,,,,,,,,,,,,,,,,,,,,,,,,,,,,,,,,,,,,,,,,,,,,,,,,,,,,,0.72,1.02,1.13,1.18,1.19,1.2,1.2,1.2,1.2,1.2,1.2,1.2,1.2,1.2,1.2,1.2,1.2,1.2
108,,,,,,,,,,,,,,,,,,,,,,,,,,,,,,,,,,,,,,,,,,,,,,,,,,,,,,,,,,,,,,,,,,,,,,,,,,,,,,,,,,,,,,,,,,,,,,,,,,,,,,,,,,,,,0.7,0.97,1.07,1.11,1.12,1.12,1.12,1.12,1.12,1.12,1.12,1.12,1.12,1.12,1.12,1.12,1.12
109,,,,,,,,,,,,,,,,,,,,,,,,,,,,,,,,,,,,,,,,,,,,,,,,,,,,,,,,,,,,,,,,,,,,,,,,,,,,,,,,,,,,,,,,,,,,,,,,,,,,,,,,,,,,,,0.69,0.93,1.02,1.04,1.05,1.05,1.05,1.05,1.05,1.05,1.05,1.05,1.05,1.05,1.05,1.05
110,,,,,,,,,,,,,,,,,,,,,,,,,,,,,,,,,,,,,,,,,,,,,,,,,,,,,,,,,,,,,,,,,,,,,,,,,,,,,,,,,,,,,,,,,,,,,,,,,,,,,,,,,,,,,,,0.67,0.9,0.96,0.98,0.99,0.99,0.99,0.99,0.99,0.99,0.99,0.99,0.99,0.99,0.99
111,,,,,,,,,,,,,,,,,,,,,,,,,,,,,,,,,,,,,,,,,,,,,,,,,,,,,,,,,,,,,,,,,,,,,,,,,,,,,,,,,,,,,,,,,,,,,,,,,,,,,,,,,,,,,,,,0.66,0.86,0.92,0.93,0.93,0.93,0.93,0.93,0.93,0.93,0.93,0.93,0.93,0.93
112,,,,,,,,,,,,,,,,,,,,,,,,,,,,,,,,,,,,,,,,,,,,,,,,,,,,,,,,,,,,,,,,,,,,,,,,,,,,,,,,,,,,,,,,,,,,,,,,,,,,,,,,,,,,,,,,,0.64,0.83,0.87,0.88,0.89,0.89,0.89,0.89,0.89,0.89,0.89,0.89,0.89
113,,,,,,,,,,,,,,,,,,,,,,,,,,,,,,,,,,,,,,,,,,,,,,,,,,,,,,,,,,,,,,,,,,,,,,,,,,,,,,,,,,,,,,,,,,,,,,,,,,,,,,,,,,,,,,,,,,0.63,0.79,0.83,0.84,0.84,0.84,0.84,0.84,0.84,0.84,0.84,0.84
114,,,,,,,,,,,,,,,,,,,,,,,,,,,,,,,,,,,,,,,,,,,,,,,,,,,,,,,,,,,,,,,,,,,,,,,,,,,,,,,,,,,,,,,,,,,,,,,,,,,,,,,,,,,,,,,,,,,0.62,0.76,0.8,0.8,0.8,0.8,0.8,0.8,0.8,0.8,0.8
115,,,,,,,,,,,,,,,,,,,,,,,,,,,,,,,,,,,,,,,,,,,,,,,,,,,,,,,,,,,,,,,,,,,,,,,,,,,,,,,,,,,,,,,,,,,,,,,,,,,,,,,,,,,,,,,,,,,,0.61,0.74,0.76,0.77,0.77,0.77,0.77,0.77,0.77,0.77
116,,,,,,,,,,,,,,,,,,,,,,,,,,,,,,,,,,,,,,,,,,,,,,,,,,,,,,,,,,,,,,,,,,,,,,,,,,,,,,,,,,,,,,,,,,,,,,,,,,,,,,,,,,,,,,,,,,,,,,,,,,,,,
117,,,,,,,,,,,,,,,,,,,,,,,,,,,,,,,,,,,,,,,,,,,,,,,,,,,,,,,,,,,,,,,,,,,,,,,,,,,,,,,,,,,,,,,,,,,,,,,,,,,,,,,,,,,,,,,,,,,,,,,,,,,,,
118,,,,,,,,,,,,,,,,,,,,,,,,,,,,,,,,,,,,,,,,,,,,,,,,,,,,,,,,,,,,,,,,,,,,,,,,,,,,,,,,,,,,,,,,,,,,,,,,,,,,,,,,,,,,,,,,,,,,,,,,,,,,,
119,,,,,,,,,,,,,,,,,,,,,,,,,,,,,,,,,,,,,,,,,,,,,,,,,,,,,,,,,,,,,,,,,,,,,,,,,,,,,,,,,,,,,,,,,,,,,,,,,,,,,,,,,,,,,,,,,,,,,,,,,,,,,
120,,,,,,,,,,,,,,,,,,,,,,,,,,,,,,,,,,,,,,,,,,,,,,,,,,,,,,,,,,,,,,,,,,,,,,,,,,,,,,,,,,,,,,,,,,,,,,,,,,,,,,,,,,,,,,,,,,,,,,,,,,,,,
