age_at_trial,1,2,3,4,5,6,7,8,9,10,11,12,13,14,15,16,17,18,19,20,21,22,23,24,25,26,27,28,29,30,31,32,33,34,35,36,37,38,39,40,41,42,43,44,45,46,47,48,49,50,51,52,53,54,55,56,57,58,59,60,61,62,63,64,65,66,67,68,69,70,71,72,73,74,75,76,77,78,79,80,81,82,83,84,85,86,87,88,89,90,91,92,93,94,95,96,97,98,99,100,101,102,103,104,105,106,107,108,109,110,111,112,113,114,115,116,117,118,119,120,121,122,123,124,125
0,1.0,2.0,2.99,3.99,4.99,5.98,6.98,7.97,8.97,9.97,10.96,11.96,12.96,13.95,14.95,15.94,16.94,17.94,18.93,19.93,20.92,21.92,22.91,23.91,24.9,25.9,26.89,27.89,28.88,29.88,30.87,31.86,32.86,33.85,34.84,35.84,36.83,37.82,38.81,39.8,40.79,41.78,42.77,43.76,44.75,45.73,46.72,47.7,48.69,49.67,50.65,51.63,52.62,53.59,54.57,55.55,56.52,57.5,58.47,59.43,60.4,61.37,62.33,63.29,64.24,65.2,66.15,67.09,68.04,68.97,69.91,70.84,71.76,72.67,73.58,74.49,75.38,76.27,77.14,78.01,78.86,79.7,80.53,81.34,82.13,82.9,83.65,84.37,85.07,85.74,86.37,86.97,87.53,88.05,88.52,88.95,89.32,89.64,89.91,90.13,90.31,90.44,90.53,90.6,90.64,90.67,90.68,90.69,90.69,90.69,90.69,90.69,90.69,90.69,90.69,90.69,90.69,90.69,90.69,90.69,90.69,90.69,90.69,90.69,90.69
1,,1.0,2.0,3.0,4.0,5.0,6.0,7.0,8.0,9.0,9.99,10.99,11.99,12.99,13.99,14.99,15.99,16.99,17.99,18.98,19.98,20.98,21.98,22.98,23.98,24.97,25.97,26.97,27.97,28.96,29.96,30.96,31.95,32.95,33.94,34.94,35.93,36.93,37.92,38.92,39.91,40.9,41.89,42.88,43.87,44.86,45.85,46.84,47.83,48.81,49.8,50.78,51.76,52.75,53.73,54.71,55.68,56.66,57.63,58.6,59.57,60.54,61.5,62.46,63.42,64.38,65.33,66.28,67.22,68.16,69.1,70.03,70.95,71.87,72.78,73.69,74.58,75.47,76.35,77.21,78.07,78.91,79.74,80.54,81.34,82.11,82.85,83.58,84.27,84.94,85.57,86.17,86.73,87.25,87.72,88.14,88.51,88.83,89.09,89.31,89.48,89.61,89.71,89.77,89.81,89.84,89.85,89.86,89.86,89.87,89.87,89.87,89.87,89.87,89.87,89.87,89.87,89.87,89.87,89.87,89.87,89.87,89.87,89.87,89.87
2,,,1.0,2.0,3.0,4.0,5.0,6.0,7.0,8.0,9.0,10.0,11.0,12.0,12.99,13.99,14.99,15.99,16.99,17.99,18.99,19.99,20.99,21.98,22.98,23.98,24.98,25.98,26.97,27.97,28.97,29.96,30.96,31.96,32.95,33.95,34.94,35.94,36.93,37.93,38.92,39.91,40.9,41.89,42.88,43.87,44.86,45.85,46.84,47.82,48.81,49.79,50.78,51.76,52.74,53.72,54.69,55.67,56.64,57.61,58.58,59.55,60.51,61.48,62.43,63.39,64.34,65.29,66.23,67.17,68.11,69.04,69.96,70.88,71.79,72.69,73.59,74.47,75.35,76.22,77.07,77.91,78.73,79.54,80.33,81.1,81.84,82.56,83.26,83.92,84.55,85.15,85.7,86.21,86.68,87.1,87.46,87.78,88.04,88.26,88.42,88.55,88.64,88.71,88.75,88.77,88.79,88.79,88.8,88.8,88.8,88.8,88.8,88.8,88.8,88.8,88.8,88.8,88.8,88.8,88.8,88.8,88.8,88.8,88.8
3,,,,1.0,2.0,3.0,4.0,5.0,6.0,7.0,8.0,9.0,10.0,11.0,12.0,13.0,13.99,14.99,15.99,16.99,17.99,18.99,19.99,20.99,21.98,22.98,23.98,24.98,25.98,26.97,27.97,28.97,29.96,30.96,31.95,32.95,33.95,34.94,35.93,36.93,37.92,38.91,39.91,40.9,41.89,42.88,43.87,44.85,45.84,46.83,47.81,48.8,49.78,50.76,51.74,52.72,53.7,54.67,55.64,56.62,57.58,58.55,59.51,60.48,61.43,62.39,63.34,64.29,65.23,66.17,67.1,68.03,68.96,69.87,70.78,71.68,72.58,73.46,74.34,75.2,76.05,76.89,77.71,78.52,79.3,80.07,80.81,81.53,82.22,82.88,83.51,84.1,84.65,85.16,85.62,86.04,86.4,86.71,86.97,87.18,87.35,87.47,87.56,87.62,87.66,87.69,87.7,87.71,87.71,87.71,87.71,87.71,87.71,87.71,87.71,87.71,87.71,87.71,87.71,87.71,87.71,87.71,87.71,87.71,87.71
4,,,,,1.0,2.0,3.0,4.0,5.0,6.0,7.0,8.0,9.0,10.0,11.0,12.0,13.0,13.99,14.99,15.99,16.99,17.99,18.99,19.99,20.99,21.98,22.98,23.98,24.98,25.97,26.97,27.97,28.96,29.96,30.96,31.95,32.95,33.94,34.94,35.93,36.92,37.91,38.91,39.9,40.89,41.88,42.87,43.85,44.84,45.83,46.81,47.8,48.78,49.76,50.74,51.72,52.7,53.67,54.64,55.61,56.58,57.55,58.51,59.47,60.43,61.38,62.34,63.28,64.23,65.16,66.1,67.03,67.95,68.86,69.77,70.67,71.57,72.45,73.32,74.19,75.03,75.87,76.69,77.49,78.28,79.04,79.78,80.5,81.19,81.84,82.47,83.05,83.6,84.11,84.56,84.97,85.33,85.64,85.89,86.1,86.27,86.39,86.48,86.54,86.58,86.6,86.61,86.62,86.62,86.62,86.62,86.62,86.62,86.62,86.62,86.62,86.62,86.62,86.62,86.62,86.62,86.62,86.62,86.62,86.62
5,,,,,,1.0,2.0,3.0,4.0,5.0,6.0,7.0,8.0,9.0,10.0,11.0,12.0,13.0,13.99,14.99,15.99,16.99,17.99,18.99,19.99,20.98,21.98,22.98,23.98,24.98,25.97,26.97,27.97,28.96,29.96,30.95,31.95,32.94,33.94,34.93,35.92,36.92,37.91,38.9,39.89,40.88,41.87,42.86,43.84,44.83,45.81,46.8,47.78,48.76,49.74,50.72,51.69,52.67,53.64,54.61,55.58,56.55,57.51,58.47,59.43,60.38,61.33,62.28,63.22,64.16,65.09,66.02,66.94,67.85,68.76,69.66,70.55,71.44,72.31,73.17,74.02,74.85,75.67,76.47,77.25,78.01,78.75,79.46,80.15,80.8,81.42,82.01,82.55,83.05,83.5,83.91,84.26,84.57,84.82,85.02,85.18,85.3,85.39,85.45,85.49,85.51,85.52,85.53,85.53,85.54,85.54,85.54,85.54,85.54,85.54,85.54,85.54,85.54,85.54,85.54,85.54,85.54,85.54,85.54,85.54
6,,,,,,,1.0,2.0,3.0,4.0,5.0,6.0,7.0,8.0,9.0,10.0,11.0,12.0,13.0,13.99,14.99,15.99,16.99,17.99,18.99,19.99,20.98,21.98,22.98,23.98,24.97,25.97,26.97,27.96,28.96,29.95,30.95,31.94,32.94,33.93,34.92,35.92,36.91,37.9,38.89,39.88,40.87,41.86,42.84,43.83,44.81,45.8,46.78,47.76,48.74,49.72,50.69,51.67,52.64,53.61,54.58,55.54,56.51,57.47,58.42,59.38,60.33,61.27,62.21,63.15,64.08,65.01,65.93,66.84,67.75,68.65,69.54,70.42,71.29,72.15,73.0,73.83,74.65,75.45,76.23,76.98,77.72,78.43,79.11,79.76,80.38,80.96,81.5,81.99,82.44,82.84,83.19,83.49,83.74,83.94,84.1,84.22,84.31,84.36,84.4,84.42,84.44,84.44,84.44,84.45,84.45,84.45,84.45,84.45,84.45,84.45,84.45,84.45,84.45,84.45,84.45,84.45,84.45,84.45,84.45
7,,,,,,,,1.0,2.0,3.0,4.0,5.0,6.0,7.0,8.0,9.0,10.0,11.0,12.0,12.99,13.99,14.99,15.99,16.99,17.99,18.99,19.98,20.98,21.98,22.98,23.97,24.97,25.97,26.96,27.96,28.96,29.95,30.95,31.94,32.93,33.93,34.92,35.91,36.9,37.89,38.88,39.87,40.86,41.84,42.83,43.81,44.8,45.78,46.76,47.74,48.72,49.69,50.67,51.64,52.61,53.58,54.54,55.5,56.46,57.42,58.37,59.32,60.27,61.21,62.14,63.08,64.0,64.92,65.83,66.74,67.64,68.53,69.41,70.28,71.13,71.98,72.81,73.62,74.42,75.2,75.95,76.69,77.39,78.07,78.72,79.33,79.91,80.44,80.94,81.38,81.78,82.12,82.42,82.67,82.86,83.02,83.14,83.22,83.27,83.31,83.33,83.35,83.35,83.35,83.36,83.36,83.36,83.36,83.36,83.36,83.36,83.36,83.36,83.36,83.36,83.36,83.36,83.36,83.36,83.36
8,,,,,,,,,1.0,2.0,3.0,4.0,5.0,6.0,7.0,8.0,9.0,10.0,11.0,12.0,12.99,13.99,14.99,15.99,16.99,17.99,18.99,19.98,20.98,21.98,22.98,23.97,24.97,25.97,26.96,27.96,28.95,29.95,30.94,31.93,32.93,33.92,34.91,35.9,36.89,37.88,38.87,39.86,40.84,41.83,42.81,43.8,44.78,45.76,46.74,47.72,48.69,49.67,50.64,51.61,52.57,53.54,54.5,55.46,56.42,57.37,58.32,59.26,60.2,61.14,62.07,62.99,63.91,64.82,65.73,66.63,67.51,68.39,69.26,70.12,70.96,71.79,72.6,73.39,74.17,74.92,75.65,76.36,77.03,77.67,78.28,78.86,79.39,79.88,80.32,80.71,81.05,81.34,81.59,81.78,81.94,82.05,82.13,82.19,82.22,82.24,82.25,82.26,82.26,82.26,82.27,82.27,82.27,82.27,82.27,82.27,82.27,82.27,82.27,82.27,82.27,82.27,82.27,82.27,82.27
9,,,,,,,,,,1.0,2.0,3.0,4.0,5.0,6.0,7.0,8.0,9.0,10.0,11.0,11.99,12.99,13.99,14.99,15.99,16.99,17.99,18.98,19.98,20.98,21.98,22.97,23.97,24.97,25.96,26.96,27.95,28.95,29.94,30.93,31.93,32.92,33.91,34.9,35.89,36.88,37.87,38.86,39.84,40.83,41.81,42.8,43.78,44.76,45.74,46.71,47.69,48.66,49.64,50.6,51.57,52.54,53.5,54.46,55.41,56.36,57.31,58.26,59.19,60.13,61.06,61.98,62.9,63.81,64.72,65.61,66.5,67.38,68.24,69.1,69.94,70.76,71.57,72.37,73.14,73.89,74.62,75.32,75.99,76.63,77.24,77.81,78.33,78.82,79.25,79.64,79.98,80.27,80.51,80.7,80.85,80.96,81.04,81.1,81.13,81.15,81.16,81.17,81.17,81.17,81.17,81.17,81.17,81.17,81.17,81.17,81.17,81.17,81.17,81.17,81.17,81.17,81.17,81.17,81.17
10,,,,,,,,,,,1.0,2.0,3.0,4.0,5.0,6.0,7.0,8.0,9.0,10.0,11.0,11.99,12.99,13.99,14.99,15.99,16.99,17.98,18.98,19.98,20.98,21.97,22.97,23.97,24.96,25.96,26.95,27.95,28.94,29.93,30.93,31.92,32.91,33.9,34.89,35.88,36.87,37.86,38.84,39.83,40.81,41.8,42.78,43.76,44.74,45.71,46.69,47.66,48.63,49.6,50.57,51.53,52.49,53.45,54.41,55.36,56.31,57.25,58.19,59.12,60.05,60.97,61.89,62.8,63.7,64.6,65.48,66.36,67.22,68.08,68.92,69.74,70.55,71.34,72.11,72.86,73.58,74.28,74.95,75.59,76.19,76.75,77.28,77.76,78.19,78.57,78.91,79.19,79.43,79.62,79.76,79.87,79.95,80.01,80.04,80.06,80.07,80.08,80.08,80.08,80.08,80.08,80.08,80.08,80.08,80.08,80.08,80.08,80.08,80.08,80.08,80.08,80.08,80.08,80.08
11,,,,,,,,,,,,1.0,2.0,3.0,4.0,5.0,6.0,7.0,8.0,9.0,10.0,10.99,11.99,12.99,13.99,14.99,15.99,16.98,17.98,18.98,19.98,20.97,21.97,22.97,23.96,24.96,25.95,26.95,27.94,28.94,29.93,30.92,31.91,32.9,33.89,34.88,35.87,36.86,37.84,38.83,39.81,40.79,41.78,42.76,43.73,44.71,45.69,46.66,47.63,48.6,49.57,50.53,51.49,52.45,53.4,54.35,55.3,56.24,57.18,58.11,59.04,59.96,60.88,61.79,62.69,63.58,64.47,65.34,66.21,67.06,67.89,68.72,69.52,70.31,71.08,71.83,72.55,73.24,73.91,74.54,75.14,75.7,76.22,76.7,77.12,77.5,77.83,78.12,78.35,78.53,78.68,78.79,78.86,78.91,78.95,78.97,78.98,78.98,78.99,78.99,78.99,78.99,78.99,78.99,78.99,78.99,78.99,78.99,78.99,78.99,78.99,78.99,78.99,78.99,78.99
12,,,,,,,,,,,,,1.0,2.0,3.0,4.0,5.0,6.0,7.0,8.0,9.0,10.0,10.99,11.99,12.99,13.99,14.99,15.99,16.98,17.98,18.98,19.97,20.97,21.97,22.96,23.96,24.95,25.95,26.94,27.94,28.93,29.92,30.91,31.9,32.89,33.88,34.87,35.86,36.84,37.83,38.81,39.79,40.78,41.76,42.73,43.71,44.68,45.66,46.63,47.6,48.56,49.53,50.49,51.44,52.4,53.35,54.29,55.24,56.17,57.11,58.03,58.95,59.87,60.78,61.68,62.57,63.45,64.33,65.19,66.04,66.87,67.69,68.5,69.28,70.05,70.79,71.51,72.2,72.87,73.5,74.09,74.65,75.16,75.63,76.06,76.44,76.76,77.04,77.27,77.45,77.59,77.7,77.77,77.82,77.86,77.87,77.89,77.89,77.89,77.89,77.89,77.89,77.9,77.9,77.9,77.9,77.9,77.9,77.9,77.9,77.9,77.9,77.9,77.9,77.9
13,,,,,,,,,,,,,,1.0,2.0,3.0,4.0,5.0,6.0,7.0,8.0,9.0,9.99,10.99,11.99,12.99,13.99,14.99,15.98,16.98,17.98,18.98,19.97,20.97,21.96,22.96,23.95,24.95,25.94,26.94,27.93,28.92,29.91,30.9,31.89,32.88,33.87,34.86,35.84,36.83,37.81,38.79,39.77,40.75,41.73,42.71,43.68,44.66,45.63,46.59,47.56,48.52,49.48,50.44,51.39,52.34,53.29,54.23,55.17,56.1,57.02,57.94,58.86,59.77,60.67,61.56,62.44,63.31,64.17,65.02,65.85,66.67,67.47,68.26,69.02,69.76,70.48,71.17,71.82,72.45,73.04,73.59,74.11,74.57,74.99,75.37,75.69,75.96,76.19,76.37,76.51,76.61,76.68,76.73,76.76,76.78,76.79,76.8,76.8,76.8,76.8,76.8,76.8,76.8,76.8,76.8,76.8,76.8,76.8,76.8,76.8,76.8,76.8,76.8,76.8
14,,,,,,,,,,,,,,,1.0,2.0,3.0,4.0,5.0,6.0,7.0,8.0,9.0,9.99,10.99,11.99,12.99,13.99,14.98,15.98,16.98,17.98,18.97,19.97,20.97,21.96,22.96,23.95,24.94,25.94,26.93,27.92,28.91,29.9,30.89,31.88,32.87,33.86,34.84,35.83,36.81,37.79,38.77,39.75,40.73,41.71,42.68,43.65,44.62,45.59,46.56,47.52,48.48,49.44,50.39,51.34,52.28,53.22,54.16,55.09,56.02,56.94,57.85,58.76,59.65,60.54,61.42,62.29,63.15,64.0,64.83,65.65,66.45,67.23,67.99,68.73,69.44,70.13,70.78,71.41,71.99,72.54,73.05,73.51,73.93,74.3,74.62,74.88,75.11,75.28,75.42,75.52,75.59,75.64,75.67,75.69,75.7,75.71,75.71,75.71,75.71,75.71,75.71,75.71,75.71,75.71,75.71,75.71,75.71,75.71,75.71,75.71,75.71,75.71,75.71
15,,,,,,,,,,,,,,,,1.0,2.0,3.0,4.0,5.0,6.0,7.0,8.0,8.99,9.99,10.99,11.99,12.99,13.99,14.98,15.98,16.98,17.97,18.97,19.97,20.96,21.96,22.95,23.95,24.94,25.93,26.92,27.91,28.9,29.89,30.88,31.87,32.86,33.84,34.83,35.81,36.79,37.77,38.75,39.73,40.71,41.68,42.65,43.62,44.59,45.56,46.52,47.48,48.43,49.38,50.33,51.28,52.22,53.15,54.08,55.01,55.93,56.84,57.75,58.64,59.53,60.41,61.28,62.14,62.98,63.81,64.63,65.42,66.2,66.96,67.7,68.41,69.09,69.74,70.36,70.94,71.49,71.99,72.45,72.86,73.23,73.54,73.81,74.03,74.2,74.34,74.44,74.51,74.55,74.58,74.6,74.61,74.61,74.62,74.62,74.62,74.62,74.62,74.62,74.62,74.62,74.62,74.62,74.62,74.62,74.62,74.62,74.62,74.62,74.62
16,,,,,,,,,,,,,,,,,1.0,2.0,3.0,4.0,5.0,6.0,7.0,8.0,8.99,9.99,10.99,11.99,12.99,13.98,14.98,15.98,16.98,17.97,18.97,19.96,20.96,21.95,22.95,23.94,24.93,25.92,26.92,27.91,28.9,29.88,30.87,31.86,32.85,33.83,34.81,35.8,36.78,37.75,38.73,39.71,40.68,41.65,42.62,43.59,44.55,45.52,46.47,47.43,48.38,49.33,50.27,51.21,52.15,53.08,54.0,54.92,55.83,56.74,57.63,58.52,59.4,60.26,61.12,61.96,62.79,63.6,64.4,65.18,65.93,66.67,67.37,68.05,68.7,69.32,69.9,70.44,70.94,71.39,71.8,72.16,72.47,72.73,72.95,73.12,73.25,73.35,73.42,73.46,73.49,73.51,73.52,73.52,73.53,73.53,73.53,73.53,73.53,73.53,73.53,73.53,73.53,73.53,73.53,73.53,73.53,73.53,73.53,73.53,73.53
17,,,,,,,,,,,,,,,,,,1.0,2.0,3.0,4.0,5.0,6.0,7.0,8.0,8.99,9.99,10.99,11.99,12.99,13.98,14.98,15.98,16.97,17.97,18.97,19.96,20.95,21.95,22.94,23.93,24.93,25.92,26.91,27.9,28.89,29.87,30.86,31.85,32.83,33.81,34.8,35.78,36.76,37.73,38.71,39.68,40.65,41.62,42.59,43.55,44.52,45.47,46.43,47.38,48.33,49.27,50.21,51.14,52.07,53.0,53.91,54.82,55.73,56.62,57.51,58.39,59.25,60.11,60.95,61.77,62.58,63.38,64.15,64.91,65.64,66.34,67.02,67.66,68.27,68.85,69.39,69.88,70.33,70.74,71.09,71.4,71.66,71.87,72.04,72.17,72.26,72.33,72.38,72.4,72.42,72.43,72.43,72.44,72.44,72.44,72.44,72.44,72.44,72.44,72.44,72.44,72.44,72.44,72.44,72.44,72.44,72.44,72.44,72.44
18,,,,,,,,,,,,,,,,,,,1.0,2.0,3.0,4.0,5.0,6.0,7.0,7.99,8.99,9.99,10.99,11.99,12.99,13.98,14.98,15.98,16.97,17.97,18.96,19.96,20.95,21.94,22.94,23.93,24.92,25.91,26.9,27.89,28.88,29.86,30.85,31.83,32.82,33.8,34.78,35.76,36.74,37.71,38.68,39.66,40.62,41.59,42.55,43.52,44.47,45.43,46.38,47.33,48.27,49.21,50.14,51.07,51.99,52.91,53.82,54.72,55.61,56.5,57.37,58.24,59.09,59.93,60.76,61.56,62.36,63.13,63.88,64.61,65.31,65.98,66.62,67.23,67.8,68.34,68.83,69.28,69.68,70.03,70.33,70.58,70.79,70.96,71.09,71.18,71.24,71.29,71.32,71.33,71.34,71.35,71.35,71.35,71.35,71.35,71.35,71.35,71.35,71.35,71.35,71.35,71.35,71.35,71.35,71.35,71.35,71.35,71.35
19,,,,,,,,,,,,,,,,,,,,1.0,2.0,3.0,4.0,5.0,6.0,7.0,7.99,8.99,9.99,10.99,11.99,12.98,13.98,14.98,15.97,16.97,17.96,18.96,19.95,20.95,21.94,22.93,23.92,24.91,25.9,26.89,27.88,28.87,29.85,30.84,31.82,32.8,33.78,34.76,35.74,36.71,37.69,38.66,39.63,40.59,41.56,42.52,43.47,44.43,45.38,46.32,47.27,48.2,49.14,50.07,50.99,51.9,52.81,53.71,54.61,55.49,56.36,57.23,58.08,58.91,59.74,60.55,61.34,62.11,62.85,63.58,64.28,64.95,65.59,66.19,66.76,67.29,67.78,68.22,68.61,68.96,69.26,69.51,69.72,69.88,70.0,70.09,70.16,70.2,70.23,70.24,70.25,70.26,70.26,70.26,70.26,70.26,70.26,70.26,70.26,70.26,70.26,70.26,70.26,70.26,70.26,70.26,70.26,70.26,70.26
20,,,,,,,,,,,,,,,,,,,,,1.0,2.0,3.0,4.0,5.0,6.0,7.0,7.99,8.99,9.99,10.99,11.99,12.98,13.98,14.98,15.97,16.97,17.96,18.96,19.95,20.94,21.93,22.93,23.92,24.91,25.89,26.88,27.87,28.85,29.84,30.82,31.8,32.78,33.76,34.74,35.71,36.69,37.66,38.63,39.59,40.56,41.52,42.47,43.43,44.38,45.32,46.27,47.2,48.14,49.06,49.98,50.9,51.81,52.71,53.6,54.48,55.35,56.21,57.06,57.9,58.72,59.53,60.31,61.08,61.83,62.55,63.25,63.91,64.55,65.15,65.71,66.24,66.72,67.16,67.55,67.9,68.19,68.44,68.64,68.8,68.92,69.01,69.07,69.12,69.14,69.16,69.17,69.17,69.17,69.17,69.17,69.17,69.17,69.17,69.17,69.17,69.17,69.17,69.17,69.17,69.17,69.17,69.17,69.17,69.17
21,,,,,,,,,,,,,,,,,,,,,,1.0,2.0,3.0,4.0,5.0,6.0,7.0,7.99,8.99,9.99,10.99,11.98,12.98,13.98,14.97,15.97,16.96,17.96,18.95,19.95,20.94,21.93,22.92,23.91,24.9,25.89,26.87,27.86,28.84,29.83,30.81,31.79,32.77,33.74,34.72,35.69,36.66,37.63,38.6,39.56,40.52,41.48,42.43,43.38,44.32,45.26,46.2,47.13,48.06,48.98,49.89,50.8,51.7,52.59,53.47,54.34,55.2,56.05,56.89,57.71,58.51,59.29,60.06,60.8,61.52,62.22,62.88,63.51,64.11,64.67,65.19,65.67,66.1,66.49,66.83,67.12,67.37,67.56,67.72,67.84,67.93,67.99,68.03,68.06,68.07,68.08,68.08,68.08,68.09,68.09,68.09,68.09,68.09,68.09,68.09,68.09,68.09,68.09,68.09,68.09,68.09,68.09,68.09,68.09
22,,,,,,,,,,,,,,,,,,,,,,,1.0,2.0,3.0,4.0,5.0,6.0,7.0,7.99,8.99,9.99,10.99,11.98,12.98,13.98,14.97,15.97,16.96,17.96,18.95,19.94,20.93,21.92,22.91,23.9,24.89,25.88,26.86,27.85,28.83,29.81,30.79,31.77,32.75,33.72,34.69,35.66,36.63,37.6,38.56,39.52,40.48,41.43,42.38,43.32,44.26,45.2,46.13,47.06,47.98,48.89,49.8,50.69,51.58,52.46,53.33,54.19,55.04,55.87,56.69,57.49,58.27,59.04,59.78,60.49,61.18,61.84,62.47,63.07,63.62,64.14,64.62,65.05,65.43,65.76,66.05,66.29,66.49,66.64,66.76,66.85,66.91,66.94,66.97,66.98,66.99,67.0,67.0,67.0,67.0,67.0,67.0,67.0,67.0,67.0,67.0,67.0,67.0,67.0,67.0,67.0,67.0,67.0,67.0
23,,,,,,,,,,,,,,,,,,,,,,,,1.0,2.0,3.0,4.0,5.0,6.0,6.99,7.99,8.99,9.99,10.99,11.98,12.98,13.97,14.97,15.96,16.96,17.95,18.94,19.93,20.93,21.92,22.9,23.89,24.88,25.86,26.85,27.83,28.81,29.79,30.77,31.75,32.72,33.7,34.67,35.63,36.6,37.56,38.52,39.48,40.43,41.38,42.32,43.26,44.2,45.13,46.05,46.97,47.89,48.79,49.69,50.58,51.46,52.32,53.18,54.03,54.86,55.67,56.47,57.25,58.01,58.75,59.47,60.15,60.81,61.44,62.03,62.58,63.09,63.56,63.99,64.37,64.7,64.98,65.22,65.41,65.56,65.68,65.76,65.82,65.86,65.88,65.9,65.91,65.91,65.91,65.91,65.91,65.91,65.91,65.91,65.91,65.91,65.91,65.91,65.91,65.91,65.91,65.91,65.91,65.91,65.91
24,,,,,,,,,,,,,,,,,,,,,,,,,1.0,2.0,3.0,4.0,5.0,6.0,6.99,7.99,8.99,9.99,10.98,11.98,12.98,13.97,14.97,15.96,16.95,17.95,18.94,19.93,20.92,21.91,22.9,23.88,24.87,25.85,26.83,27.82,28.8,29.77,30.75,31.73,32.7,33.67,34.64,35.6,36.56,37.52,38.48,39.43,40.38,41.32,42.26,43.2,44.13,45.05,45.97,46.88,47.79,48.68,49.57,50.45,51.31,52.17,53.01,53.84,54.66,55.45,56.23,56.99,57.73,58.44,59.12,59.78,60.4,60.98,61.53,62.04,62.51,62.93,63.31,63.63,63.91,64.15,64.34,64.48,64.6,64.68,64.74,64.77,64.8,64.81,64.82,64.82,64.82,64.82,64.83,64.83,64.83,64.83,64.83,64.83,64.83,64.83,64.83,64.83,64.83,64.83,64.83,64.83,64.83
25,,,,,,,,,,,,,,,,,,,,,,,,,,1.0,2.0,3.0,4.0,5.0,6.0,6.99,7.99,8.99,9.99,10.98,11.98,12.97,13.97,14.96,15.96,16.95,17.94,18.93,19.92,20.91,21.9,22.89,23.87,24.86,25.84,26.82,27.8,28.78,29.75,30.73,31.7,32.67,33.64,34.6,35.57,36.52,37.48,38.43,39.38,40.32,41.26,42.2,43.13,44.05,44.97,45.88,46.78,47.68,48.56,49.44,50.31,51.16,52.0,52.83,53.64,54.44,55.21,55.97,56.7,57.41,58.09,58.74,59.36,59.94,60.49,61.0,61.46,61.87,62.25,62.57,62.84,63.07,63.26,63.41,63.52,63.6,63.65,63.69,63.71,63.73,63.73,63.74,63.74,63.74,63.74,63.74,63.74,63.74,63.74,63.74,63.74,63.74,63.74,63.74,63.74,63.74,63.74,63.74,63.74
26,,,,,,,,,,,,,,,,,,,,,,,,,,,1.0,2.0,3.0,4.0,5.0,6.0,6.99,7.99,8.99,9.98,10.98,11.98,12.97,13.97,14.96,15.95,16.94,17.93,18.92,19.91,20.9,21.89,22.87,23.86,24.84,25.82,26.8,27.78,28.76,29.73,30.7,31.67,32.64,33.61,34.57,35.53,36.48,37.43,38.38,39.32,40.26,41.2,42.13,43.05,43.96,44.87,45.78,46.67,47.56,48.43,49.3,50.15,50.99,51.82,52.63,53.42,54.19,54.95,55.68,56.38,57.06,57.71,58.32,58.9,59.44,59.95,60.4,60.82,61.18,61.5,61.77,62.0,62.18,62.33,62.44,62.51,62.57,62.6,62.63,62.64,62.65,62.65,62.65,62.65,62.65,62.65,62.65,62.65,62.65,62.65,62.65,62.65,62.65,62.65,62.65,62.65,62.65,62.65,62.65
27,,,,,,,,,,,,,,,,,,,,,,,,,,,,1.0,2.0,3.0,4.0,5.0,5.99,6.99,7.99,8.99,9.98,10.98,11.97,12.97,13.96,14.95,15.95,16.94,17.93,18.92,19.91,20.89,21.88,22.86,23.85,24.83,25.81,26.79,27.76,28.74,29.71,30.68,31.65,32.61,33.57,34.53,35.48,36.44,37.38,38.33,39.26,40.2,41.13,42.05,42.96,43.87,44.77,45.67,46.55,47.42,48.29,49.14,49.98,50.8,51.61,52.4,53.17,53.93,54.65,55.36,56.03,56.68,57.29,57.86,58.4,58.9,59.35,59.76,60.12,60.44,60.71,60.93,61.11,61.25,61.36,61.43,61.49,61.52,61.54,61.55,61.56,61.56,61.57,61.57,61.57,61.57,61.57,61.57,61.57,61.57,61.57,61.57,61.57,61.57,61.57,61.57,61.57,61.57,61.57
28,,,,,,,,,,,,,,,,,,,,,,,,,,,,,1.0,2.0,3.0,4.0,5.0,5.99,6.99,7.99,8.99,9.98,10.98,11.97,12.97,13.96,14.95,15.94,16.93,17.92,18.91,19.9,20.88,21.87,22.85,23.83,24.81,25.79,26.77,27.74,28.71,29.68,30.65,31.61,32.58,33.53,34.49,35.44,36.39,37.33,38.27,39.2,40.13,41.05,41.96,42.87,43.77,44.66,45.55,46.42,47.28,48.13,48.97,49.79,50.6,51.39,52.16,52.91,53.63,54.33,55.0,55.64,56.25,56.82,57.36,57.85,58.3,58.71,59.06,59.37,59.64,59.86,60.03,60.17,60.28,60.35,60.4,60.44,60.46,60.47,60.48,60.48,60.48,60.48,60.48,60.48,60.48,60.48,60.48,60.48,60.48,60.48,60.48,60.48,60.48,60.48,60.48,60.48,60.48
29,,,,,,,,,,,,,,,,,,,,,,,,,,,,,,1.0,2.0,3.0,4.0,5.0,5.99,6.99,7.99,8.98,9.98,10.97,11.97,12.96,13.95,14.95,15.94,16.93,17.91,18.9,19.89,20.87,21.85,22.84,23.82,24.8,25.77,26.75,27.72,28.69,29.65,30.62,31.58,32.54,33.49,34.44,35.39,36.33,37.27,38.2,39.13,40.05,40.96,41.87,42.77,43.66,44.54,45.41,46.28,47.12,47.96,48.78,49.59,50.37,51.14,51.89,52.61,53.31,53.98,54.61,55.22,55.79,56.32,56.81,57.25,57.65,58.01,58.31,58.57,58.79,58.96,59.1,59.2,59.27,59.32,59.36,59.38,59.39,59.4,59.4,59.4,59.4,59.4,59.4,59.4,59.4,59.4,59.4,59.4,59.4,59.4,59.4,59.4,59.4,59.4,59.4,59.4
30,,,,,,,,,,,,,,,,,,,,,,,,,,,,,,,1.0,2.0,3.0,4.0,5.0,5.99,6.99,7.99,8.98,9.98,10.97,11.97,12.96,13.95,14.94,15.93,16.92,17.91,18.89,19.88,20.86,21.84,22.82,23.8,24.78,25.75,26.72,27.69,28.66,29.62,30.59,31.54,32.5,33.45,34.39,35.34,36.27,37.2,38.13,39.05,39.96,40.87,41.77,42.66,43.54,44.41,45.27,46.12,46.95,47.77,48.57,49.36,50.13,50.87,51.59,52.28,52.95,53.58,54.18,54.75,55.28,55.76,56.2,56.6,56.95,57.25,57.51,57.72,57.89,58.02,58.12,58.2,58.24,58.28,58.3,58.31,58.31,58.32,58.32,58.32,58.32,58.32,58.32,58.32,58.32,58.32,58.32,58.32,58.32,58.32,58.32,58.32,58.32,58.32,58.32
31,,,,,,,,,,,,,,,,,,,,,,,,,,,,,,,,1.0,2.0,3.0,4.0,4.99,5.99,6.99,7.99,8.98,9.98,10.97,11.96,12.95,13.94,14.93,15.92,16.91,17.9,18.88,19.87,20.85,21.83,22.81,23.78,24.76,25.73,26.7,27.67,28.63,29.59,30.55,31.5,32.45,33.4,34.34,35.28,36.21,37.13,38.05,38.97,39.87,40.77,41.66,42.54,43.41,44.27,45.11,45.95,46.76,47.56,48.35,49.11,49.85,50.57,51.26,51.92,52.56,53.15,53.71,54.24,54.72,55.16,55.55,55.89,56.19,56.45,56.65,56.82,56.95,57.05,57.12,57.17,57.2,57.22,57.23,57.24,57.24,57.24,57.24,57.24,57.24,57.24,57.24,57.24,57.24,57.24,57.24,57.24,57.24,57.24,57.24,57.24,57.24,57.24
32,,,,,,,,,,,,,,,,,,,,,,,,,,,,,,,,,1.0,2.0,3.0,4.0,4.99,5.99,6.99,7.98,8.98,9.97,10.97,11.96,12.95,13.94,14.93,15.92,16.9,17.89,18.87,19.85,20.84,21.81,22.79,23.76,24.74,25.71,26.67,27.64,28.6,29.56,30.51,31.46,32.41,33.35,34.28,35.21,36.14,37.06,37.97,38.88,39.77,40.66,41.54,42.41,43.27,44.11,44.94,45.76,46.56,47.34,48.1,48.84,49.55,50.24,50.9,51.53,52.12,52.68,53.2,53.68,54.11,54.5,54.84,55.13,55.38,55.59,55.75,55.88,55.98,56.05,56.09,56.12,56.14,56.15,56.16,56.16,56.16,56.16,56.16,56.16,56.16,56.16,56.16,56.16,56.16,56.16,56.16,56.16,56.16,56.16,56.16,56.16,56.16
33,,,,,,,,,,,,,,,,,,,,,,,,,,,,,,,,,,1.0,2.0,3.0,4.0,4.99,5.99,6.99,7.98,8.98,9.97,10.96,11.95,12.95,13.93,14.92,15.91,16.9,17.88,18.86,19.84,20.82,21.8,22.77,23.74,24.71,25.68,26.65,27.61,28.56,29.52,30.47,31.41,32.35,33.29,34.22,35.14,36.06,36.97,37.88,38.78,39.66,40.54,41.41,42.26,43.11,43.94,44.75,45.55,46.33,47.09,47.82,48.54,49.22,49.88,50.5,51.09,51.65,52.16,52.64,53.07,53.45,53.79,54.08,54.32,54.53,54.69,54.81,54.91,54.97,55.02,55.05,55.07,55.08,55.08,55.08,55.09,55.09,55.09,55.09,55.09,55.09,55.09,55.09,55.09,55.09,55.09,55.09,55.09,55.09,55.09,55.09,55.09
34,,,,,,,,,,,,,,,,,,,,,,,,,,,,,,,,,,,1.0,2.0,3.0,4.0,4.99,5.99,6.99,7.98,8.97,9.97,10.96,11.95,12.94,13.93,14.92,15.9,16.89,17.87,18.85,19.83,20.81,21.78,22.75,23.72,24.69,25.65,26.61,27.57,28.53,29.48,30.42,31.36,32.3,33.23,34.15,35.07,35.98,36.88,37.78,38.67,39.54,40.41,41.26,42.11,42.93,43.75,44.54,45.32,46.08,46.81,47.52,48.2,48.86,49.48,50.07,50.62,51.13,51.6,52.02,52.4,52.74,53.02,53.26,53.46,53.62,53.74,53.84,53.9,53.95,53.97,53.99,54.0,54.01,54.01,54.01,54.01,54.01,54.01,54.01,54.01,54.01,54.01,54.01,54.01,54.01,54.01,54.01,54.01,54.01,54.01,54.01
35,,,,,,,,,,,,,,,,,,,,,,,,,,,,,,,,,,,,1.0,2.0,3.0,4.0,4.99,5.99,6.98,7.98,8.97,9.96,10.96,11.95,12.94,13.92,14.91,15.89,16.88,17.86,18.84,19.81,20.79,21.76,22.73,23.7,24.66,25.62,26.58,27.54,28.48,29.43,30.37,31.31,32.24,33.16,34.08,34.99,35.89,36.79,37.67,38.55,39.41,40.27,41.11,41.93,42.74,43.54,44.31,45.07,45.8,46.51,47.19,47.84,48.46,49.04,49.59,50.09,50.56,50.98,51.36,51.69,51.97,52.21,52.4,52.56,52.68,52.77,52.83,52.88,52.9,52.92,52.93,52.94,52.94,52.94,52.94,52.94,52.94,52.94,52.94,52.94,52.94,52.94,52.94,52.94,52.94,52.94,52.94,52.94,52.94,52.94
36,,,,,,,,,,,,,,,,,,,,,,,,,,,,,,,,,,,,,1.0,2.0,3.0,3.99,4.99,5.99,6.98,7.98,8.97,9.96,10.95,11.94,12.93,13.92,14.9,15.88,16.87,17.85,18.82,19.8,20.77,21.74,22.71,23.67,24.63,25.59,26.55,27.49,28.44,29.38,30.32,31.24,32.17,33.09,34.0,34.9,35.79,36.68,37.55,38.42,39.27,40.11,40.93,41.74,42.54,43.31,44.06,44.79,45.5,46.17,46.82,47.44,48.02,48.56,49.06,49.52,49.94,50.31,50.64,50.92,51.15,51.34,51.5,51.61,51.7,51.76,51.81,51.83,51.85,51.86,51.86,51.87,51.87,51.87,51.87,51.87,51.87,51.87,51.87,51.87,51.87,51.87,51.87,51.87,51.87,51.87,51.87,51.87,51.87
37,,,,,,,,,,,,,,,,,,,,,,,,,,,,,,,,,,,,,,1.0,2.0,3.0,3.99,4.99,5.99,6.98,7.97,8.97,9.96,10.95,11.94,12.92,13.91,14.89,15.87,16.85,17.83,18.81,19.78,20.75,21.72,22.68,23.65,24.6,25.56,26.51,27.45,28.39,29.33,30.26,31.18,32.1,33.01,33.91,34.8,35.69,36.56,37.42,38.27,39.11,39.94,40.74,41.53,42.31,43.06,43.78,44.49,45.16,45.81,46.42,46.99,47.53,48.03,48.49,48.9,49.27,49.59,49.87,50.1,50.29,50.44,50.55,50.64,50.7,50.74,50.77,50.78,50.79,50.8,50.8,50.8,50.8,50.8,50.8,50.8,50.8,50.8,50.8,50.8,50.8,50.8,50.8,50.8,50.8,50.8,50.8,50.8
38,,,,,,,,,,,,,,,,,,,,,,,,,,,,,,,,,,,,,,,1.0,2.0,3.0,3.99,4.99,5.99,6.98,7.97,8.96,9.95,10.94,11.93,12.92,13.9,14.88,15.86,16.84,17.82,18.79,19.76,20.73,21.7,22.66,23.61,24.57,25.52,26.46,27.4,28.34,29.27,30.19,31.11,32.02,32.92,33.81,34.69,35.57,36.43,37.28,38.12,38.94,39.75,40.53,41.3,42.05,42.78,43.48,44.15,44.79,45.4,45.97,46.51,47.0,47.46,47.87,48.23,48.55,48.82,49.05,49.23,49.38,49.49,49.58,49.63,49.67,49.7,49.72,49.73,49.73,49.73,49.73,49.73,49.73,49.73,49.73,49.73,49.73,49.73,49.73,49.73,49.73,49.73,49.73,49.73,49.73,49.73,49.73
39,,,,,,,,,,,,,,,,,,,,,,,,,,,,,,,,,,,,,,,,1.0,2.0,3.0,3.99,4.99,5.98,6.98,7.97,8.96,9.95,10.94,11.93,12.91,13.89,14.87,15.85,16.83,17.8,18.77,19.74,20.71,21.67,22.63,23.58,24.53,25.48,26.42,27.35,28.28,29.2,30.12,31.03,31.93,32.82,33.7,34.58,35.44,36.29,37.12,37.94,38.75,39.54,40.3,41.05,41.77,42.47,43.14,43.78,44.38,44.95,45.49,45.98,46.43,46.83,47.19,47.5,47.77,48.0,48.18,48.32,48.43,48.52,48.57,48.61,48.64,48.65,48.66,48.67,48.67,48.67,48.67,48.67,48.67,48.67,48.67,48.67,48.67,48.67,48.67,48.67,48.67,48.67,48.67,48.67,48.67,48.67
40,,,,,,,,,,,,,,,,,,,,,,,,,,,,,,,,,,,,,,,,,1.0,2.0,3.0,3.99,4.99,5.98,6.98,7.97,8.96,9.95,10.93,11.92,12.9,13.88,14.86,15.84,16.82,17.79,18.76,19.72,20.68,21.64,22.6,23.55,24.49,25.43,26.37,27.29,28.22,29.13,30.04,30.94,31.83,32.72,33.59,34.45,35.3,36.13,36.95,37.76,38.54,39.31,40.05,40.77,41.47,42.13,42.77,43.37,43.94,44.47,44.95,45.4,45.8,46.15,46.46,46.73,46.95,47.13,47.27,47.38,47.46,47.51,47.55,47.58,47.59,47.6,47.6,47.61,47.61,47.61,47.61,47.61,47.61,47.61,47.61,47.61,47.61,47.61,47.61,47.61,47.61,47.61,47.61,47.61,47.61
41,,,,,,,,,,,,,,,,,,,,,,,,,,,,,,,,,,,,,,,,,,1.0,2.0,3.0,3.99,4.99,5.98,6.97,7.96,8.95,9.94,10.93,11.91,12.9,13.88,14.85,15.83,16.8,17.77,18.74,19.7,20.66,21.61,22.56,23.51,24.45,25.38,26.31,27.23,28.15,29.06,29.96,30.85,31.73,32.6,33.46,34.31,35.14,35.96,36.76,37.55,38.31,39.05,39.77,40.46,41.13,41.76,42.36,42.92,43.45,43.93,44.37,44.77,45.12,45.43,45.69,45.9,46.08,46.22,46.33,46.4,46.46,46.5,46.52,46.53,46.54,46.55,46.55,46.55,46.55,46.55,46.55,46.55,46.55,46.55,46.55,46.55,46.55,46.55,46.55,46.55,46.55,46.55,46.55,46.55
42,,,,,,,,,,,,,,,,,,,,,,,,,,,,,,,,,,,,,,,,,,,1.0,2.0,3.0,3.99,4.99,5.98,6.97,7.96,8.95,9.94,10.92,11.91,12.89,13.86,14.84,15.81,16.78,17.75,18.71,19.67,20.63,21.58,22.52,23.46,24.4,25.33,26.25,27.16,28.07,28.97,29.86,30.75,31.62,32.48,33.32,34.15,34.97,35.77,36.55,37.32,38.06,38.77,39.46,40.12,40.75,41.35,41.91,42.43,42.91,43.35,43.74,44.09,44.39,44.65,44.86,45.03,45.17,45.27,45.35,45.4,45.44,45.46,45.48,45.48,45.49,45.49,45.49,45.49,45.49,45.49,45.49,45.49,45.49,45.49,45.49,45.49,45.49,45.49,45.49,45.49,45.49,45.49,45.49
43,,,,,,,,,,,,,,,,,,,,,,,,,,,,,,,,,,,,,,,,,,,,1.0,2.0,2.99,3.99,4.99,5.98,6.97,7.96,8.95,9.93,10.92,11.9,12.88,13.85,14.83,15.8,16.76,17.73,18.69,19.64,20.59,21.54,22.48,23.42,24.34,25.27,26.18,27.09,27.99,28.88,29.76,30.63,31.49,32.34,33.17,33.98,34.78,35.56,36.32,37.06,37.78,38.46,39.12,39.75,40.34,40.9,41.42,41.89,42.33,42.72,43.06,43.36,43.61,43.82,43.99,44.12,44.23,44.3,44.35,44.39,44.41,44.42,44.43,44.43,44.44,44.44,44.44,44.44,44.44,44.44,44.44,44.44,44.44,44.44,44.44,44.44,44.44,44.44,44.44,44.44,44.44,44.44
44,,,,,,,,,,,,,,,,,,,,,,,,,,,,,,,,,,,,,,,,,,,,,1.0,2.0,2.99,3.99,4.98,5.98,6.97,7.96,8.94,9.93,10.91,11.89,12.87,13.84,14.81,15.78,16.74,17.7,18.66,19.61,20.56,21.5,22.43,23.36,24.29,25.2,26.11,27.01,27.9,28.78,29.65,30.51,31.35,32.18,33.0,33.8,34.58,35.33,36.07,36.78,37.47,38.12,38.75,39.34,39.89,40.4,40.88,41.31,41.69,42.03,42.32,42.57,42.78,42.95,43.08,43.18,43.25,43.3,43.34,43.36,43.37,43.38,43.38,43.39,43.39,43.39,43.39,43.39,43.39,43.39,43.39,43.39,43.39,43.39,43.39,43.39,43.39,43.39,43.39,43.39,43.39
45,,,,,,,,,,,,,,,,,,,,,,,,,,,,,,,,,,,,,,,,,,,,,,1.0,2.0,2.99,3.99,4.98,5.97,6.96,7.95,8.94,9.92,10.9,11.88,12.85,13.83,14.8,15.76,16.72,17.68,18.63,19.58,20.52,21.45,22.38,23.31,24.22,25.13,26.03,26.92,27.8,28.67,29.53,30.37,31.2,32.01,32.81,33.59,34.35,35.08,35.79,36.47,37.13,37.75,38.33,38.88,39.39,39.86,40.29,40.67,41.01,41.3,41.54,41.75,41.91,42.04,42.14,42.21,42.26,42.29,42.31,42.32,42.33,42.33,42.34,42.34,42.34,42.34,42.34,42.34,42.34,42.34,42.34,42.34,42.34,42.34,42.34,42.34,42.34,42.34,42.34,42.34
46,,,,,,,,,,,,,,,,,,,,,,,,,,,,,,,,,,,,,,,,,,,,,,,1.0,2.0,2.99,3.99,4.98,5.97,6.96,7.95,8.93,9.91,10.89,11.87,12.84,13.81,14.78,15.74,16.7,17.65,18.6,19.54,20.47,21.4,22.33,23.24,24.15,25.05,25.94,26.82,27.69,28.55,29.39,30.22,31.03,31.83,32.6,33.36,34.09,34.8,35.48,36.13,36.75,37.33,37.88,38.39,38.85,39.27,39.65,39.98,40.27,40.51,40.71,40.87,41.0,41.1,41.16,41.21,41.25,41.27,41.28,41.28,41.29,41.29,41.29,41.29,41.29,41.29,41.29,41.29,41.29,41.29,41.29,41.29,41.29,41.29,41.29,41.29,41.29,41.29,41.29
47,,,,,,,,,,,,,,,,,,,,,,,,,,,,,,,,,,,,,,,,,,,,,,,,1.0,2.0,2.99,3.99,4.98,5.97,6.96,7.94,8.93,9.91,10.88,11.86,12.83,13.79,14.76,15.71,16.67,17.62,18.56,19.5,20.43,21.35,22.27,23.17,24.07,24.96,25.84,26.71,27.57,28.41,29.24,30.05,30.85,31.62,32.38,33.11,33.81,34.49,35.14,35.76,36.34,36.88,37.38,37.84,38.26,38.64,38.96,39.25,39.48,39.68,39.84,39.96,40.06,40.13,40.17,40.2,40.22,40.24,40.24,40.25,40.25,40.25,40.25,40.25,40.25,40.25,40.25,40.25,40.25,40.25,40.25,40.25,40.25,40.25,40.25,40.25,40.25,40.25
48,,,,,,,,,,,,,,,,,,,,,,,,,,,,,,,,,,,,,,,,,,,,,,,,,1.0,2.0,2.99,3.99,4.98,5.97,6.95,7.94,8.92,9.9,10.87,11.84,12.81,13.78,14.73,15.69,16.64,17.58,18.52,19.45,20.37,21.29,22.2,23.1,23.99,24.87,25.74,26.59,27.44,28.26,29.07,29.87,30.64,31.39,32.12,32.83,33.5,34.15,34.76,35.34,35.88,36.38,36.84,37.25,37.62,37.95,38.23,38.46,38.65,38.81,38.93,39.02,39.09,39.14,39.17,39.19,39.2,39.2,39.21,39.21,39.21,39.21,39.21,39.21,39.21,39.21,39.21,39.21,39.21,39.21,39.21,39.21,39.21,39.21,39.21,39.21,39.21
49,,,,,,,,,,,,,,,,,,,,,,,,,,,,,,,,,,,,,,,,,,,,,,,,,,1.0,2.0,2.99,3.98,4.98,5.96,6.95,7.93,8.91,9.89,10.86,11.83,12.79,13.75,14.71,15.66,16.6,17.54,18.47,19.4,20.32,21.23,22.13,23.02,23.9,24.76,25.62,26.46,27.29,28.1,28.89,29.67,30.42,31.14,31.85,32.52,33.16,33.77,34.35,34.89,35.38,35.84,36.25,36.61,36.93,37.21,37.44,37.63,37.78,37.9,37.99,38.06,38.1,38.13,38.15,38.16,38.17,38.17,38.17,38.17,38.17,38.17,38.17,38.17,38.17,38.17,38.17,38.17,38.17,38.17,38.17,38.17,38.17,38.17,38.17,38.17
50,,,,,,,,,,,,,,,,,,,,,,,,,,,,,,,,,,,,,,,,,,,,,,,,,,,1.0,2.0,2.99,3.98,4.97,5.96,6.95,7.93,8.9,9.88,10.85,11.81,12.78,13.73,14.68,15.63,16.57,17.5,18.43,19.34,20.25,21.15,22.05,22.93,23.79,24.65,25.49,26.32,27.13,27.92,28.69,29.44,30.17,30.87,31.54,32.18,32.79,33.36,33.9,34.39,34.84,35.25,35.61,35.92,36.2,36.42,36.61,36.76,36.88,36.97,37.03,37.07,37.1,37.12,37.13,37.14,37.14,37.14,37.14,37.14,37.14,37.14,37.14,37.14,37.14,37.14,37.14,37.14,37.14,37.14,37.14,37.14,37.14,37.14,37.14
51,,,,,,,,,,,,,,,,,,,,,,,,,,,,,,,,,,,,,,,,,,,,,,,,,,,,1.0,2.0,2.99,3.98,4.97,5.96,6.94,7.92,8.9,9.87,10.83,11.8,12.75,13.71,14.65,15.59,16.53,17.45,18.37,19.28,20.19,21.08,21.96,22.83,23.68,24.52,25.35,26.16,26.95,27.72,28.47,29.19,29.89,30.56,31.2,31.81,32.38,32.91,33.4,33.85,34.25,34.61,34.92,35.19,35.41,35.6,35.74,35.86,35.94,36.01,36.05,36.08,36.09,36.1,36.11,36.11,36.11,36.12,36.12,36.12,36.12,36.12,36.12,36.12,36.12,36.12,36.12,36.12,36.12,36.12,36.12,36.12,36.12,36.12
52,,,,,,,,,,,,,,,,,,,,,,,,,,,,,,,,,,,,,,,,,,,,,,,,,,,,,1.0,2.0,2.99,3.98,4.97,5.95,6.93,7.91,8.89,9.85,10.82,11.78,12.73,13.68,14.62,15.56,16.48,17.4,18.32,19.22,20.11,20.99,21.86,22.72,23.56,24.38,25.19,25.98,26.75,27.5,28.22,28.92,29.59,30.23,30.83,31.4,31.92,32.41,32.86,33.26,33.61,33.92,34.18,34.41,34.59,34.73,34.84,34.93,34.99,35.03,35.06,35.07,35.08,35.09,35.09,35.09,35.09,35.09,35.09,35.09,35.09,35.09,35.09,35.09,35.09,35.09,35.09,35.09,35.09,35.09,35.09,35.09,35.09
53,,,,,,,,,,,,,,,,,,,,,,,,,,,,,,,,,,,,,,,,,,,,,,,,,,,,,,1.0,1.99,2.99,3.98,4.97,5.95,6.93,7.9,8.87,9.84,10.8,11.76,12.71,13.65,14.59,15.52,16.44,17.35,18.25,19.15,20.03,20.9,21.75,22.59,23.42,24.23,25.02,25.79,26.54,27.26,27.95,28.62,29.26,29.86,30.42,30.95,31.43,31.87,32.27,32.62,32.92,33.18,33.4,33.58,33.72,33.83,33.92,33.97,34.01,34.04,34.06,34.07,34.07,34.07,34.08,34.08,34.08,34.08,34.08,34.08,34.08,34.08,34.08,34.08,34.08,34.08,34.08,34.08,34.08,34.08,34.08,34.08
54,,,,,,,,,,,,,,,,,,,,,,,,,,,,,,,,,,,,,,,,,,,,,,,,,,,,,,,1.0,1.99,2.99,3.98,4.96,5.94,6.92,7.89,8.86,9.83,10.78,11.73,12.68,13.62,14.55,15.47,16.38,17.29,18.18,19.07,19.94,20.79,21.64,22.46,23.27,24.06,24.83,25.58,26.3,26.99,27.66,28.29,28.89,29.45,29.97,30.45,30.89,31.28,31.63,31.93,32.19,32.41,32.58,32.72,32.83,32.91,32.97,33.0,33.03,33.05,33.06,33.06,33.06,33.07,33.07,33.07,33.07,33.07,33.07,33.07,33.07,33.07,33.07,33.07,33.07,33.07,33.07,33.07,33.07,33.07,33.07
55,,,,,,,,,,,,,,,,,,,,,,,,,,,,,,,,,,,,,,,,,,,,,,,,,,,,,,,,1.0,1.99,2.99,3.97,4.96,5.94,6.91,7.88,8.85,9.81,10.76,11.71,12.65,13.58,14.51,15.42,16.33,17.22,18.11,18.98,19.84,20.68,21.51,22.31,23.1,23.87,24.62,25.34,26.03,26.7,27.33,27.92,28.48,29.0,29.48,29.91,30.3,30.65,30.95,31.2,31.41,31.59,31.72,31.83,31.91,31.96,32.0,32.03,32.04,32.05,32.06,32.06,32.06,32.06,32.06,32.06,32.06,32.06,32.06,32.06,32.06,32.06,32.06,32.06,32.06,32.06,32.06,32.06,32.06,32.06
56,,,,,,,,,,,,,,,,,,,,,,,,,,,,,,,,,,,,,,,,,,,,,,,,,,,,,,,,,1.0,1.99,2.98,3.97,4.95,5.93,6.91,7.87,8.84,9.79,10.74,11.68,12.62,13.54,14.46,15.37,16.26,17.15,18.02,18.88,19.73,20.55,21.36,22.15,22.92,23.67,24.39,25.08,25.74,26.37,26.97,27.52,28.04,28.51,28.95,29.33,29.67,29.97,30.22,30.43,30.6,30.73,30.84,30.91,30.97,31.0,31.03,31.04,31.05,31.06,31.06,31.06,31.06,31.06,31.06,31.06,31.06,31.06,31.06,31.06,31.06,31.06,31.06,31.06,31.06,31.06,31.06,31.06,31.06
57,,,,,,,,,,,,,,,,,,,,,,,,,,,,,,,,,,,,,,,,,,,,,,,,,,,,,,,,,,1.0,1.99,2.98,3.97,4.95,5.93,6.9,7.86,8.82,9.77,10.72,11.65,12.58,13.5,14.41,15.31,16.2,17.07,17.93,18.78,19.6,20.41,21.2,21.97,22.72,23.44,24.13,24.79,25.42,26.01,26.57,27.08,27.55,27.98,28.37,28.7,28.99,29.24,29.45,29.62,29.75,29.85,29.92,29.98,30.01,30.04,30.05,30.06,30.07,30.07,30.07,30.07,30.07,30.07,30.07,30.07,30.07,30.07,30.07,30.07,30.07,30.07,30.07,30.07,30.07,30.07,30.07,30.07
58,,,,,,,,,,,,,,,,,,,,,,,,,,,,,,,,,,,,,,,,,,,,,,,,,,,,,,,,,,,1.0,1.99,2.98,3.97,4.95,5.92,6.89,7.85,8.8,9.75,10.69,11.62,12.54,13.46,14.36,15.24,16.12,16.98,17.83,18.66,19.47,20.26,21.03,21.77,22.49,23.19,23.85,24.47,25.06,25.62,26.13,26.6,27.02,27.4,27.74,28.03,28.27,28.48,28.64,28.77,28.87,28.94,29.0,29.03,29.05,29.07,29.08,29.08,29.08,29.08,29.08,29.08,29.08,29.08,29.08,29.08,29.08,29.08,29.08,29.08,29.08,29.08,29.08,29.08,29.08,29.08,29.08
59,,,,,,,,,,,,,,,,,,,,,,,,,,,,,,,,,,,,,,,,,,,,,,,,,,,,,,,,,,,,1.0,1.99,2.98,3.96,4.94,5.91,6.88,7.83,8.79,9.73,10.66,11.59,12.5,13.4,14.3,15.17,16.04,16.89,17.72,18.53,19.32,20.09,20.84,21.56,22.25,22.91,23.53,24.12,24.67,25.18,25.65,26.07,26.45,26.78,27.07,27.31,27.51,27.67,27.8,27.9,27.97,28.02,28.05,28.08,28.09,28.1,28.1,28.11,28.11,28.11,28.11,28.11,28.11,28.11,28.11,28.11,28.11,28.11,28.11,28.11,28.11,28.11,28.11,28.11,28.11,28.11
60,,,,,,,,,,,,,,,,,,,,,,,,,,,,,,,,,,,,,,,,,,,,,,,,,,,,,,,,,,,,,1.0,1.99,2.98,3.96,4.93,5.9,6.87,7.82,8.77,9.7,10.63,11.55,12.45,13.35,14.23,15.1,15.95,16.78,17.59,18.39,19.16,19.9,20.62,21.31,21.97,22.6,23.19,23.74,24.24,24.71,25.13,25.5,25.83,26.12,26.36,26.55,26.71,26.84,26.93,27.0,27.05,27.09,27.11,27.12,27.13,27.13,27.14,27.14,27.14,27.14,27.14,27.14,27.14,27.14,27.14,27.14,27.14,27.14,27.14,27.14,27.14,27.14,27.14,27.14,27.14
61,,,,,,,,,,,,,,,,,,,,,,,,,,,,,,,,,,,,,,,,,,,,,,,,,,,,,,,,,,,,,,1.0,1.99,2.98,3.96,4.93,5.89,6.85,7.8,8.74,9.68,10.6,11.51,12.4,13.29,14.16,15.01,15.84,16.66,17.45,18.23,18.97,19.69,20.39,21.04,21.67,22.26,22.81,23.31,23.78,24.19,24.57,24.89,25.17,25.41,25.6,25.76,25.88,25.98,26.05,26.09,26.13,26.15,26.16,26.17,26.17,26.17,26.17,26.17,26.18,26.18,26.18,26.18,26.18,26.18,26.18,26.18,26.18,26.18,26.18,26.18,26.18,26.18,26.18,26.18
62,,,,,,,,,,,,,,,,,,,,,,,,,,,,,,,,,,,,,,,,,,,,,,,,,,,,,,,,,,,,,,,1.0,1.99,2.97,3.95,4.92,5.89,6.84,7.79,8.72,9.65,10.56,11.46,12.35,13.22,14.07,14.91,15.73,16.53,17.3,18.05,18.77,19.46,20.12,20.75,21.33,21.88,22.39,22.85,23.26,23.63,23.96,24.23,24.47,24.66,24.81,24.94,25.03,25.09,25.14,25.17,25.19,25.21,25.21,25.22,25.22,25.22,25.22,25.22,25.22,25.22,25.22,25.22,25.22,25.22,25.22,25.22,25.22,25.22,25.22,25.22,25.22,25.22,25.22
63,,,,,,,,,,,,,,,,,,,,,,,,,,,,,,,,,,,,,,,,,,,,,,,,,,,,,,,,,,,,,,,,1.0,1.99,2.97,3.95,4.92,5.87,6.83,7.77,8.7,9.61,10.52,11.41,12.28,13.14,13.98,14.8,15.6,16.38,17.13,17.85,18.54,19.2,19.83,20.42,20.96,21.47,21.93,22.34,22.71,23.03,23.3,23.53,23.72,23.88,24.0,24.09,24.15,24.2,24.23,24.25,24.26,24.27,24.27,24.27,24.27,24.27,24.27,24.27,24.27,24.27,24.27,24.27,24.27,24.27,24.27,24.27,24.27,24.27,24.27,24.27,24.27,24.27
64,,,,,,,,,,,,,,,,,,,,,,,,,,,,,,,,,,,,,,,,,,,,,,,,,,,,,,,,,,,,,,,,,1.0,1.99,2.97,3.94,4.91,5.86,6.81,7.74,8.67,9.58,10.47,11.35,12.21,13.06,13.88,14.68,15.46,16.21,16.94,17.63,18.29,18.92,19.51,20.05,20.55,21.01,21.42,21.79,22.11,22.38,22.61,22.8,22.95,23.06,23.15,23.22,23.26,23.29,23.31,23.32,23.33,23.33,23.34,23.34,23.34,23.34,23.34,23.34,23.34,23.34,23.34,23.34,23.34,23.34,23.34,23.34,23.34,23.34,23.34,23.34,23.34
65,,,,,,,,,,,,,,,,,,,,,,,,,,,,,,,,,,,,,,,,,,,,,,,,,,,,,,,,,,,,,,,,,,1.0,1.98,2.97,3.94,4.9,5.85,6.79,7.72,8.63,9.53,10.42,11.28,12.13,12.96,13.77,14.55,15.3,16.03,16.73,17.39,18.01,18.6,19.15,19.65,20.11,20.52,20.88,21.2,21.47,21.69,21.88,22.03,22.14,22.23,22.29,22.33,22.36,22.38,22.39,22.4,22.4,22.41,22.41,22.41,22.41,22.41,22.41,22.41,22.41,22.41,22.41,22.41,22.41,22.41,22.41,22.41,22.41,22.41,22.41,22.41
66,,,,,,,,,,,,,,,,,,,,,,,,,,,,,,,,,,,,,,,,,,,,,,,,,,,,,,,,,,,,,,,,,,,1.0,1.98,2.96,3.93,4.89,5.84,6.77,7.69,8.6,9.49,10.36,11.21,12.04,12.85,13.64,14.4,15.13,15.82,16.49,17.11,17.7,18.25,18.75,19.21,19.62,19.98,20.29,20.56,20.78,20.97,21.11,21.23,21.31,21.37,21.42,21.45,21.46,21.48,21.48,21.49,21.49,21.49,21.49,21.49,21.49,21.49,21.49,21.49,21.49,21.49,21.49,21.49,21.49,21.49,21.49,21.49,21.49,21.49,21.49
67,,,,,,,,,,,,,,,,,,,,,,,,,,,,,,,,,,,,,,,,,,,,,,,,,,,,,,,,,,,,,,,,,,,,1.0,1.98,2.96,3.92,4.88,5.82,6.75,7.66,8.55,9.43,10.29,11.13,11.94,12.73,13.49,14.23,14.93,15.59,16.22,16.81,17.36,17.86,18.32,18.72,19.09,19.4,19.66,19.89,20.07,20.21,20.32,20.41,20.47,20.51,20.54,20.56,20.57,20.57,20.58,20.58,20.58,20.58,20.58,20.58,20.58,20.58,20.58,20.58,20.58,20.58,20.58,20.58,20.58,20.58,20.58,20.58,20.58,20.58
68,,,,,,,,,,,,,,,,,,,,,,,,,,,,,,,,,,,,,,,,,,,,,,,,,,,,,,,,,,,,,,,,,,,,,1.0,1.98,2.95,3.92,4.87,5.8,6.72,7.62,8.51,9.37,10.22,11.04,11.83,12.6,13.33,14.04,14.71,15.34,15.93,16.48,16.98,17.44,17.84,18.2,18.51,18.78,19.0,19.18,19.32,19.43,19.51,19.57,19.61,19.64,19.66,19.67,19.68,19.68,19.68,19.68,19.68,19.68,19.68,19.68,19.68,19.68,19.68,19.68,19.68,19.68,19.68,19.68,19.68,19.68,19.68,19.68,19.68
69,,,,,,,,,,,,,,,,,,,,,,,,,,,,,,,,,,,,,,,,,,,,,,,,,,,,,,,,,,,,,,,,,,,,,,0.99,1.98,2.95,3.91,4.85,5.78,6.69,7.58,8.45,9.31,10.13,10.93,11.7,12.45,13.15,13.83,14.46,15.05,15.6,16.11,16.56,16.97,17.33,17.64,17.9,18.12,18.3,18.44,18.55,18.63,18.69,18.73,18.76,18.77,18.78,18.79,18.79,18.79,18.79,18.8,18.8,18.8,18.8,18.8,18.8,18.8,18.8,18.8,18.8,18.8,18.8,18.8,18.8,18.8,18.8,18.8
70,,,,,,,,,,,,,,,,,,,,,,,,,,,,,,,,,,,,,,,,,,,,,,,,,,,,,,,,,,,,,,,,,,,,,,,0.99,1.98,2.94,3.9,4.83,5.76,6.66,7.54,8.39,9.23,10.04,10.81,11.56,12.28,12.95,13.59,14.19,14.74,15.24,15.7,16.11,16.47,16.78,17.04,17.25,17.43,17.57,17.68,17.76,17.82,17.86,17.88,17.9,17.91,17.91,17.92,17.92,17.92,17.92,17.92,17.92,17.92,17.92,17.92,17.92,17.92,17.92,17.92,17.92,17.92,17.92,17.92,17.92,17.92,17.92
71,,,,,,,,,,,,,,,,,,,,,,,,,,,,,,,,,,,,,,,,,,,,,,,,,,,,,,,,,,,,,,,,,,,,,,,,0.99,1.97,2.94,3.89,4.82,5.73,6.62,7.48,8.33,9.14,9.93,10.68,11.4,12.08,12.73,13.33,13.88,14.39,14.85,15.26,15.61,15.92,16.18,16.4,16.58,16.72,16.82,16.9,16.96,17.0,17.02,17.04,17.05,17.05,17.06,17.06,17.06,17.06,17.06,17.06,17.06,17.06,17.06,17.06,17.06,17.06,17.06,17.06,17.06,17.06,17.06,17.06,17.06,17.06
72,,,,,,,,,,,,,,,,,,,,,,,,,,,,,,,,,,,,,,,,,,,,,,,,,,,,,,,,,,,,,,,,,,,,,,,,,0.99,1.97,2.93,3.87,4.8,5.7,6.57,7.43,8.25,9.05,9.81,10.53,11.22,11.87,12.48,13.03,13.55,14.01,14.42,14.78,15.08,15.35,15.56,15.74,15.87,15.98,16.06,16.11,16.15,16.18,16.19,16.2,16.21,16.21,16.21,16.21,16.21,16.21,16.21,16.21,16.21,16.21,16.21,16.21,16.21,16.21,16.21,16.21,16.21,16.21,16.21,16.21,16.21
73,,,,,,,,,,,,,,,,,,,,,,,,,,,,,,,,,,,,,,,,,,,,,,,,,,,,,,,,,,,,,,,,,,,,,,,,,,0.99,1.97,2.92,3.86,4.77,5.66,6.52,7.36,8.16,8.94,9.67,10.37,11.02,11.63,12.2,12.71,13.18,13.59,13.95,14.26,14.52,14.74,14.91,15.05,15.15,15.23,15.28,15.32,15.35,15.36,15.37,15.38,15.38,15.38,15.38,15.38,15.38,15.38,15.38,15.38,15.38,15.38,15.38,15.38,15.38,15.38,15.38,15.38,15.38,15.38,15.38,15.38
74,,,,,,,,,,,,,,,,,,,,,,,,,,,,,,,,,,,,,,,,,,,,,,,,,,,,,,,,,,,,,,,,,,,,,,,,,,,0.99,1.96,2.91,3.84,4.74,5.62,6.47,7.29,8.07,8.81,9.52,10.18,10.8,11.37,11.89,12.36,12.77,13.14,13.45,13.71,13.93,14.1,14.24,14.34,14.42,14.47,14.51,14.53,14.55,14.56,14.56,14.57,14.57,14.57,14.57,14.57,14.57,14.57,14.57,14.57,14.57,14.57,14.57,14.57,14.57,14.57,14.57,14.57,14.57,14.57,14.57
75,,,,,,,,,,,,,,,,,,,,,,,,,,,,,,,,,,,,,,,,,,,,,,,,,,,,,,,,,,,,,,,,,,,,,,,,,,,,0.99,1.96,2.9,3.82,4.71,5.58,6.41,7.2,7.96,8.68,9.35,9.97,10.55,11.08,11.55,11.97,12.34,12.65,12.91,13.13,13.31,13.44,13.55,13.62,13.68,13.71,13.74,13.75,13.76,13.77,13.77,13.77,13.77,13.77,13.77,13.77,13.77,13.77,13.77,13.77,13.77,13.77,13.77,13.77,13.77,13.77,13.77,13.77,13.77,13.77
76,,,,,,,,,,,,,,,,,,,,,,,,,,,,,,,,,,,,,,,,,,,,,,,,,,,,,,,,,,,,,,,,,,,,,,,,,,,,,0.99,1.95,2.89,3.8,4.68,5.53,6.34,7.11,7.84,8.52,9.16,9.74,10.28,10.76,11.18,11.55,11.87,12.14,12.35,12.53,12.67,12.77,12.85,12.9,12.94,12.96,12.98,12.99,12.99,12.99,12.99,13.0,13.0,13.0,13.0,13.0,13.0,13.0,13.0,13.0,13.0,13.0,13.0,13.0,13.0,13.0,13.0,13.0,13.0
77,,,,,,,,,,,,,,,,,,,,,,,,,,,,,,,,,,,,,,,,,,,,,,,,,,,,,,,,,,,,,,,,,,,,,,,,,,,,,,0.99,1.95,2.88,3.78,4.64,5.47,6.26,7.0,7.7,8.35,8.94,9.49,9.98,10.41,10.78,11.11,11.37,11.59,11.77,11.91,12.01,12.09,12.14,12.18,12.21,12.22,12.23,12.23,12.24,12.24,12.24,12.24,12.24,12.24,12.24,12.24,12.24,12.24,12.24,12.24,12.24,12.24,12.24,12.24,12.24,12.24,12.24,12.24
78,,,,,,,,,,,,,,,,,,,,,,,,,,,,,,,,,,,,,,,,,,,,,,,,,,,,,,,,,,,,,,,,,,,,,,,,,,,,,,,0.99,1.94,2.86,3.75,4.6,5.4,6.17,6.88,7.54,8.15,8.71,9.21,9.65,10.03,10.36,10.63,10.85,11.03,11.17,11.28,11.35,11.41,11.45,11.47,11.48,11.49,11.5,11.5,11.5,11.5,11.5,11.5,11.5,11.5,11.5,11.5,11.5,11.5,11.5,11.5,11.5,11.5,11.5,11.5,11.5,11.5,11.5
79,,,,,,,,,,,,,,,,,,,,,,,,,,,,,,,,,,,,,,,,,,,,,,,,,,,,,,,,,,,,,,,,,,,,,,,,,,,,,,,,0.98,1.93,2.85,3.72,4.55,5.33,6.06,6.75,7.37,7.94,8.45,8.9,9.29,9.63,9.9,10.13,10.31,10.45,10.56,10.64,10.69,10.73,10.76,10.77,10.78,10.78,10.79,10.79,10.79,10.79,10.79,10.79,10.79,10.79,10.79,10.79,10.79,10.79,10.79,10.79,10.79,10.79,10.79,10.79,10.79,10.79
80,,,,,,,,,,,,,,,,,,,,,,,,,,,,,,,,,,,,,,,,,,,,,,,,,,,,,,,,,,,,,,,,,,,,,,,,,,,,,,,,,0.98,1.92,2.83,3.68,4.49,5.25,5.95,6.6,7.18,7.71,8.17,8.57,8.91,9.2,9.43,9.61,9.76,9.87,9.95,10.0,10.04,10.06,10.08,10.09,10.09,10.09,10.1,10.1,10.1,10.1,10.1,10.1,10.1,10.1,10.1,10.1,10.1,10.1,10.1,10.1,10.1,10.1,10.1,10.1,10.1
81,,,,,,,,,,,,,,,,,,,,,,,,,,,,,,,,,,,,,,,,,,,,,,,,,,,,,,,,,,,,,,,,,,,,,,,,,,,,,,,,,,0.98,1.91,2.8,3.64,4.43,5.15,5.82,6.43,6.97,7.45,7.86,8.21,8.51,8.75,8.94,9.08,9.2,9.28,9.33,9.37,9.4,9.41,9.42,9.42,9.43,9.43,9.43,9.43,9.43,9.43,9.43,9.43,9.43,9.43,9.43,9.43,9.43,9.43,9.43,9.43,9.43,9.43,9.43,9.43
82,,,,,,,,,,,,,,,,,,,,,,,,,,,,,,,,,,,,,,,,,,,,,,,,,,,,,,,,,,,,,,,,,,,,,,,,,,,,,,,,,,,0.98,1.9,2.78,3.59,4.35,5.05,5.68,6.24,6.74,7.17,7.53,7.84,8.08,8.28,8.43,8.55,8.63,8.69,8.73,8.75,8.77,8.78,8.78,8.78,8.79,8.79,8.79,8.79,8.79,8.79,8.79,8.79,8.79,8.79,8.79,8.79,8.79,8.79,8.79,8.79,8.79,8.79,8.79
83,,,,,,,,,,,,,,,,,,,,,,,,,,,,,,,,,,,,,,,,,,,,,,,,,,,,,,,,,,,,,,,,,,,,,,,,,,,,,,,,,,,,0.97,1.89,2.75,3.54,4.27,4.93,5.52,6.04,6.49,6.87,7.18,7.44,7.65,7.8,7.92,8.01,8.07,8.11,8.13,8.15,8.16,8.16,8.17,8.17,8.17,8.17,8.17,8.17,8.17,8.17,8.17,8.17,8.17,8.17,8.17,8.17,8.17,8.17,8.17,8.17,8.17,8.17
84,,,,,,,,,,,,,,,,,,,,,,,,,,,,,,,,,,,,,,,,,,,,,,,,,,,,,,,,,,,,,,,,,,,,,,,,,,,,,,,,,,,,,0.97,1.87,2.71,3.48,4.18,4.8,5.34,5.81,6.21,6.55,6.82,7.03,7.2,7.32,7.41,7.47,7.51,7.54,7.56,7.57,7.57,7.57,7.58,7.58,7.58,7.58,7.58,7.58,7.58,7.58,7.58,7.58,7.58,7.58,7.58,7.58,7.58,7.58,7.58,7.58,7.58
85,,,,,,,,,,,,,,,,,,,,,,,,,,,,,,,,,,,,,,,,,,,,,,,,,,,,,,,,,,,,,,,,,,,,,,,,,,,,,,,,,,,,,,0.96,1.86,2.67,3.41,4.07,4.65,5.15,5.58,5.93,6.21,6.44,6.61,6.74,6.84,6.9,6.95,6.97,6.99,7.0,7.01,7.01,7.01,7.01,7.01,7.01,7.01,7.01,7.01,7.01,7.01,7.01,7.01,7.01,7.01,7.01,7.01,7.01,7.01,7.01,7.01
86,,,,,,,,,,,,,,,,,,,,,,,,,,,,,,,,,,,,,,,,,,,,,,,,,,,,,,,,,,,,,,,,,,,,,,,,,,,,,,,,,,,,,,,0.96,1.84,2.63,3.34,3.96,4.49,4.95,5.32,5.63,5.87,6.05,6.19,6.29,6.36,6.41,6.44,6.45,6.46,6.47,6.47,6.47,6.48,6.48,6.48,6.48,6.48,6.48,6.48,6.48,6.48,6.48,6.48,6.48,6.48,6.48,6.48,6.48,6.48,6.48
87,,,,,,,,,,,,,,,,,,,,,,,,,,,,,,,,,,,,,,,,,,,,,,,,,,,,,,,,,,,,,,,,,,,,,,,,,,,,,,,,,,,,,,,,0.95,1.82,2.58,3.26,3.83,4.32,4.73,5.06,5.32,5.52,5.66,5.77,5.85,5.9,5.93,5.95,5.96,5.96,5.97,5.97,5.97,5.97,5.97,5.97,5.97,5.97,5.97,5.97,5.97,5.97,5.97,5.97,5.97,5.97,5.97,5.97,5.97,5.97
88,,,,,,,,,,,,,,,,,,,,,,,,,,,,,,,,,,,,,,,,,,,,,,,,,,,,,,,,,,,,,,,,,,,,,,,,,,,,,,,,,,,,,,,,,0.95,1.79,2.53,3.16,3.7,4.14,4.5,4.79,5.0,5.16,5.28,5.36,5.41,5.45,5.47,5.48,5.49,5.49,5.49,5.49,5.49,5.49,5.49,5.49,5.49,5.49,5.49,5.49,5.49,5.49,5.49,5.49,5.49,5.49,5.49,5.49,5.49
89,,,,,,,,,,,,,,,,,,,,,,,,,,,,,,,,,,,,,,,,,,,,,,,,,,,,,,,,,,,,,,,,,,,,,,,,,,,,,,,,,,,,,,,,,,0.94,1.76,2.47,3.07,3.56,3.96,4.27,4.51,4.69,4.82,4.9,4.96,5.0,5.02,5.04,5.04,5.05,5.05,5.05,5.05,5.05,5.05,5.05,5.05,5.05,5.05,5.05,5.05,5.05,5.05,5.05,5.05,5.05,5.05,5.05,5.05
90,,,,,,,,,,,,,,,,,,,,,,,,,,,,,,,,,,,,,,,,,,,,,,,,,,,,,,,,,,,,,,,,,,,,,,,,,,,,,,,,,,,,,,,,,,,0.93,1.73,2.41,2.97,3.41,3.77,4.04,4.24,4.38,4.48,4.54,4.59,4.61,4.62,4.63,4.64,4.64,4.64,4.64,4.64,4.64,4.64,4.64,4.64,4.64,4.64,4.64,4.64,4.64,4.64,4.64,4.64,4.64,4.64,4.64
91,,,,,,,,,,,,,,,,,,,,,,,,,,,,,,,,,,,,,,,,,,,,,,,,,,,,,,,,,,,,,,,,,,,,,,,,,,,,,,,,,,,,,,,,,,,,0.92,1.7,2.34,2.86,3.26,3.57,3.8,3.97,4.08,4.15,4.2,4.23,4.25,4.26,4.26,4.26,4.26,4.26,4.26,4.26,4.26,4.26,4.26,4.26,4.26,4.26,4.26,4.26,4.26,4.26,4.26,4.26,4.26,4.26
92,,,,,,,,,,,,,,,,,,,,,,,,,,,,,,,,,,,,,,,,,,,,,,,,,,,,,,,,,,,,,,,,,,,,,,,,,,,,,,,,,,,,,,,,,,,,,0.92,1.67,2.27,2.75,3.11,3.38,3.57,3.7,3.79,3.85,3.88,3.9,3.91,3.92,3.92,3.92,3.92,3.92,3.92,3.92,3.92,3.92,3.92,3.92,3.92,3.92,3.92,3.92,3.92,3.92,3.92,3.92,3.92
93,,,,,,,,,,,,,,,,,,,,,,,,,,,,,,,,,,,,,,,,,,,,,,,,,,,,,,,,,,,,,,,,,,,,,,,,,,,,,,,,,,,,,,,,,,,,,,0.91,1.63,2.2,2.64,2.96,3.19,3.35,3.45,3.52,3.56,3.58,3.6,3.6,3.61,3.61,3.61,3.61,3.61,3.61,3.61,3.61,3.61,3.61,3.61,3.61,3.61,3.61,3.61,3.61,3.61,3.61,3.61
94,,,,,,,,,,,,,,,,,,,,,,,,,,,,,,,,,,,,,,,,,,,,,,,,,,,,,,,,,,,,,,,,,,,,,,,,,,,,,,,,,,,,,,,,,,,,,,,0.9,1.6,2.13,2.53,2.81,3.01,3.14,3.22,3.27,3.29,3.31,3.32,3.32,3.32,3.32,3.32,3.32,3.32,3.32,3.32,3.32,3.32,3.32,3.32,3.32,3.32,3.32,3.32,3.32,3.32,3.32
95,,,,,,,,,,,,,,,,,,,,,,,,,,,,,,,,,,,,,,,,,,,,,,,,,,,,,,,,,,,,,,,,,,,,,,,,,,,,,,,,,,,,,,,,,,,,,,,,0.89,1.56,2.06,2.42,2.66,2.83,2.93,2.99,3.02,3.04,3.05,3.06,3.06,3.06,3.06,3.06,3.06,3.06,3.06,3.06,3.06,3.06,3.06,3.06,3.06,3.06,3.06,3.06,3.06,3.06
96,,,,,,,,,,,,,,,,,,,,,,,,,,,,,,,,,,,,,,,,,,,,,,,,,,,,,,,,,,,,,,,,,,,,,,,,,,,,,,,,,,,,,,,,,,,,,,,,,0.88,1.52,1.98,2.3,2.51,2.65,2.73,2.77,2.8,2.81,2.82,2.82,2.82,2.82,2.82,2.82,2.82,2.82,2.82,2.82,2.82,2.82,2.82,2.82,2.82,2.82,2.82,2.82,2.82
97,,,,,,,,,,,,,,,,,,,,,,,,,,,,,,,,,,,,,,,,,,,,,,,,,,,,,,,,,,,,,,,,,,,,,,,,,,,,,,,,,,,,,,,,,,,,,,,,,,0.86,1.48,1.9,2.19,2.36,2.47,2.53,2.56,2.58,2.59,2.59,2.6,2.6,2.6,2.6,2.6,2.6,2.6,2.6,2.6,2.6,2.6,2.6,2.6,2.6,2.6,2.6,2.6
98,,,,,,,,,,,,,,,,,,,,,,,,,,,,,,,,,,,,,,,,,,,,,,,,,,,,,,,,,,,,,,,,,,,,,,,,,,,,,,,,,,,,,,,,,,,,,,,,,,,0.85,1.44,1.82,2.07,2.22,2.3,2.35,2.37,2.38,2.39,2.39,2.39,2.39,2.39,2.39,2.39,2.39,2.39,2.39,2.39,2.39,2.39,2.39,2.39,2.39,2.39,2.39
99,,,,,,,,,,,,,,,,,,,,,,,,,,,,,,,,,,,,,,,,,,,,,,,,,,,,,,,,,,,,,,,,,,,,,,,,,,,,,,,,,,,,,,,,,,,,,,,,,,,,0.84,1.39,1.74,1.95,2.07,2.14,2.17,2.19,2.2,2.2,2.2,2.2,2.2,2.2,2.2,2.2,2.2,2.2,2.2,2.2,2.2,2.2,2.2,2.2,2.2,2.2
100,,,,,,,,,,,,,,,,,,,,,,,,,,,,,,,,,,,,,,,,,,,,,,,,,,,,,,,,,,,,,,,,,,,,,,,,,,,,,,,,,,,,,,,,,,,,,,,,,,,,,0.82,1.34,1.66,1.84,1.94,1.99,2.01,2.02,2.03,2.03,2.03,2.03,2.03,2.03,2.03,2.03,2.03,2.03,2.03,2.03,2.03,2.03,2.03,2.03,2.03
101,,,,,,,,,,,,,,,,,,,,,,,,,,,,,,,,,,,,,,,,,,,,,,,,,,,,,,,,,,,,,,,,,,,,,,,,,,,,,,,,,,,,,,,,,,,,,,,,,,,,,,0.81,1.3,1.58,1.73,1.81,1.85,1.87,1.87,1.88,1.88,1.88,1.88,1.88,1.88,1.88,1.88,1.88,1.88,1.88,1.88,1.88,1.88,1.88,1.88
102,,,,,,,,,,,,,,,,,,,,,,,,,,,,,,,,,,,,,,,,,,,,,,,,,,,,,,,,,,,,,,,,,,,,,,,,,,,,,,,,,,,,,,,,,,,,,,,,,,,,,,,0.79,1.25,1.5,1.63,1.69,1.72,1.73,1.73,1.73,1.74,1.74,1.74,1.74,1.74,1.74,1.74,1.74,1.74,1.74,1.74,1.74,1.74,1.74
103,,,,,,,,,,,,,,,,,,,,,,,,,,,,,,,,,,,,,,,,,,,,,,,,,,,,,,,,,,,,,,,,,,,,,,,,,,,,,,,,,,,,,,,,,,,,,,,,,,,,,,,,0.78,1.2,1.42,1.53,1.58,1.6,1.6,1.61,1.61,1.61,1.61,1.61,1.61,1.61,1.61,1.61,1.61,1.61,1.61,1.61,1.61,1.61
104,,,,,,,,,,,,,,,,,,,,,,,,,,,,,,,,,,,,,,,,,,,,,,,,,,,,,,,,,,,,,,,,,,,,,,,,,,,,,,,,,,,,,,,,,,,,,,,,,,,,,,,,,0.76,1.16,1.35,1.43,1.47,1.48,1.49,1.49,1.49,1.49,1.49,1.49,1.49,1.49,1.49,1.49,1.49,1.49,1.49,1.49,1.49
105,,,,,,,,,,,,,,,,,,,,,,,,,,,,,,,,,,,,,,,,,,,,,,,,,,,,,,,,,,,,,,,,,,,,,,,,,,,,,,,,,,,,,,,,,,,,,,,,,,,,,,,,,,0.75,1.11,1.27,1.34,1.37,1.38,1.38,1.38,1.38,1.38,1.38,1.38,1.38,1.38,1.38,1.38,1.38,1.38,1.38,1.38
106,,,,,,,,,,,,,,,,,,,,,,,,,,,,,,,,,,,,,,,,,,,,,,,,,,,,,,,,,,,,,,,,,,,,,,,,,,,,,,,,,,,,,,,,,,,,,,,,,,,,,,,,,,,0.73,1.06,1.2,1.26,1.28,1.29,1.29,1.29,1.29,1.29,1.29,1.29,1.29,1.29,1.29,1.29,1.29,1.29,1.29
107,,,,,,,,,,,,,,,,,,,,,,,,,,,,,,,,,,,,,,,,,,,,,,,,,,,,,,,,,,,,,,,,,,,,,,,,,,,,,,,,,,,,,,,,,,,,,,,,,,,,,,,,,,,,0.72,1.02,1.14,1.18,1.2,1.2,1.2,1.2,1.2,1.2,1.2,1.2,1.2,1.2,1.2,1.2,1.2,1.2
108,,,,,,,,,,,,,,,,,,,,,,,,,,,,,,,,,,,,,,,,,,,,,,,,,,,,,,,,,,,,,,,,,,,,,,,,,,,,,,,,,,,,,,,,,,,,,,,,,,,,,,,,,,,,,0.7,0.98,1.08,1.11,1.12,1.12,1.12,1.12,1.12,1.12,1.12,1.12,1.12,1.12,1.12,1.12,1.12
109,,,,,,,,,,,,,,,,,,,,,,,,,,,,,,,,,,,,,,,,,,,,,,,,,,,,,,,,,,,,,,,,,,,,,,,,,,,,,,,,,,,,,,,,,,,,,,,,,,,,,,,,,,,,,,0.69,0.94,1.02,1.05,1.05,1.06,1.06,1.06,1.06,1.06,1.06,1.06,1.06,1.06,1.06,1.06
110,,,,,,,,,,,,,,,,,,,,,,,,,,,,,,,,,,,,,,,,,,,,,,,,,,,,,,,,,,,,,,,,,,,,,,,,,,,,,,,,,,,,,,,,,,,,,,,,,,,,,,,,,,,,,,,0.67,0.9,0.97,0.99,0.99,0.99,0.99,0.99,0.99,0.99,0.99,0.99,0.99,0.99,0.99
111,,,,,,,,,,,,,,,,,,,,,,,,,,,,,,,,,,,,,,,,,,,,,,,,,,,,,,,,,,,,,,,,,,,,,,,,,,,,,,,,,,,,,,,,,,,,,,,,,,,,,,,,,,,,,,,,0.66,0.86,0.92,0.93,0.94,0.94,0.94,0.94,0.94,0.94,0.94,0.94,0.94,0.94
112,,,,,,,,,,,,,,,,,,,,,,,,,,,,,,,,,,,,,,,,,,,,,,,,,,,,,,,,,,,,,,,,,,,,,,,,,,,,,,,,,,,,,,,,,,,,,,,,,,,,,,,,,,,,,,,,,0.64,0.83,0.87,0.89,0.89,0.89,0.89,0.89,0.89,0.89,0.89,0.89,0.89
113,,,,,,,,,,,,,,,,,,,,,,,,,,,,,,,,,,,,,,,,,,,,,,,,,,,,,,,,,,,,,,,,,,,,,,,,,,,,,,,,,,,,,,,,,,,,,,,,,,,,,,,,,,,,,,,,,,0.63,0.8,0.83,0.84,0.84,0.84,0.84,0.84,0.84,0.84,0.84,0.84
114,,,,,,,,,,,,,,,,,,,,,,,,,,,,,,,,,,,,,,,,,,,,,,,,,,,,,,,,,,,,,,,,,,,,,,,,,,,,,,,,,,,,,,,,,,,,,,,,,,,,,,,,,,,,,,,,,,,0.62,0.77,0.8,0.8,0.8,0.81,0.81,0.81,0.81,0.81,0.81
115,,,,,,,,,,,,,,,,,,,,,,,,,,,,,,,,,,,,,,,,,,,,,,,,,,,,,,,,,,,,,,,,,,,,,,,,,,,,,,,,,,,,,,,,,,,,,,,,,,,,,,,,,,,,,,,,,,,,0.61,0.74,0.76,0.77,0.77,0.77,0.77,0.77,0.77,0.77
